[{"model": "admin.logentry", "pk": 1, "fields": {"action_time": "2022-01-03T13:17:41.295Z", "user": 1, "content_type": 7, "object_id": "1", "object_repr": "justonemore.com", "action_flag": 2, "change_message": "[{\"changed\": {\"fields\": [\"Domain name\", \"Display name\"]}}]"}}, {"model": "admin.logentry", "pk": 2, "fields": {"action_time": "2022-01-03T13:18:00.286Z", "user": 1, "content_type": 4, "object_id": "1", "object_repr": "deanoandrejevic", "action_flag": 2, "change_message": "[{\"changed\": {\"fields\": [\"First name\", \"Last name\"]}}]"}}, {"model": "admin.logentry", "pk": 3, "fields": {"action_time": "2022-01-03T13:18:20.137Z", "user": 1, "content_type": 4, "object_id": "1", "object_repr": "deanoandrejevic", "action_flag": 2, "change_message": "[]"}}, {"model": "admin.logentry", "pk": 4, "fields": {"action_time": "2022-01-03T13:25:50.719Z", "user": 1, "content_type": 8, "object_id": "1", "object_repr": "deanoandrejevic@gmail.com", "action_flag": 1, "change_message": "[{\"added\": {}}]"}}, {"model": "admin.logentry", "pk": 5, "fields": {"action_time": "2022-01-05T21:07:51.115Z", "user": 1, "content_type": 14, "object_id": "2", "object_repr": "music", "action_flag": 1, "change_message": "[{\"added\": {}}]"}}, {"model": "admin.logentry", "pk": 6, "fields": {"action_time": "2022-01-05T21:08:03.644Z", "user": 1, "content_type": 14, "object_id": "3", "object_repr": "board_games", "action_flag": 1, "change_message": "[{\"added\": {}}]"}}, {"model": "admin.logentry", "pk": 7, "fields": {"action_time": "2022-01-05T21:08:29.758Z", "user": 1, "content_type": 14, "object_id": "4", "object_repr": "tech", "action_flag": 1, "change_message": "[{\"added\": {}}]"}}, {"model": "admin.logentry", "pk": 8, "fields": {"action_time": "2022-01-05T21:08:45.092Z", "user": 1, "content_type": 14, "object_id": "5", "object_repr": "clothing", "action_flag": 1, "change_message": "[{\"added\": {}}]"}}, {"model": "admin.logentry", "pk": 9, "fields": {"action_time": "2022-01-05T21:09:05.114Z", "user": 1, "content_type": 13, "object_id": "1", "object_repr": "God Of War: Ragnarok", "action_flag": 2, "change_message": "[{\"changed\": {\"fields\": [\"Name\"]}}]"}}, {"model": "admin.logentry", "pk": 10, "fields": {"action_time": "2022-01-05T21:10:23.761Z", "user": 1, "content_type": 13, "object_id": "2", "object_repr": "God Of War: Ragnarok", "action_flag": 1, "change_message": "[{\"added\": {}}]"}}, {"model": "admin.logentry", "pk": 11, "fields": {"action_time": "2022-01-05T21:13:11.473Z", "user": 1, "content_type": 13, "object_id": "3", "object_repr": "Eternal Blue - Spiritbox", "action_flag": 1, "change_message": "[{\"added\": {}}]"}}, {"model": "admin.logentry", "pk": 12, "fields": {"action_time": "2022-01-05T21:16:49.968Z", "user": 1, "content_type": 13, "object_id": "4", "object_repr": "Eternal Blue - Spiritbox", "action_flag": 1, "change_message": "[{\"added\": {}}]"}}, {"model": "admin.logentry", "pk": 13, "fields": {"action_time": "2022-01-05T21:21:50.567Z", "user": 1, "content_type": 13, "object_id": "5", "object_repr": "The Logo Board Game - Second Edition", "action_flag": 1, "change_message": "[{\"added\": {}}]"}}, {"model": "admin.logentry", "pk": 14, "fields": {"action_time": "2022-01-05T21:22:31.234Z", "user": 1, "content_type": 13, "object_id": "5", "object_repr": "The Logo Board Game - Second Edition", "action_flag": 2, "change_message": "[{\"changed\": {\"fields\": [\"Platform\"]}}]"}}, {"model": "admin.logentry", "pk": 15, "fields": {"action_time": "2022-01-05T21:24:06.900Z", "user": 1, "content_type": 13, "object_id": "5", "object_repr": "The Logo Board Game - Second Edition", "action_flag": 2, "change_message": "[{\"changed\": {\"fields\": [\"Image\"]}}]"}}, {"model": "admin.logentry", "pk": 16, "fields": {"action_time": "2022-01-05T21:24:45.710Z", "user": 1, "content_type": 13, "object_id": "5", "object_repr": "The Logo Board Game - Second Edition", "action_flag": 2, "change_message": "[{\"changed\": {\"fields\": [\"Image\"]}}]"}}, {"model": "admin.logentry", "pk": 17, "fields": {"action_time": "2022-01-05T21:25:19.222Z", "user": 1, "content_type": 13, "object_id": "4", "object_repr": "Eternal Blue - Spiritbox", "action_flag": 2, "change_message": "[{\"changed\": {\"fields\": [\"Image\"]}}]"}}, {"model": "admin.logentry", "pk": 18, "fields": {"action_time": "2022-01-05T21:25:27.330Z", "user": 1, "content_type": 13, "object_id": "4", "object_repr": "Eternal Blue - Spiritbox", "action_flag": 2, "change_message": "[{\"changed\": {\"fields\": [\"Image\"]}}]"}}, {"model": "admin.logentry", "pk": 19, "fields": {"action_time": "2022-01-05T21:25:42.361Z", "user": 1, "content_type": 13, "object_id": "3", "object_repr": "Eternal Blue - Spiritbox", "action_flag": 2, "change_message": "[{\"changed\": {\"fields\": [\"Image\"]}}]"}}, {"model": "admin.logentry", "pk": 20, "fields": {"action_time": "2022-01-05T21:25:51.401Z", "user": 1, "content_type": 13, "object_id": "3", "object_repr": "Eternal Blue - Spiritbox", "action_flag": 2, "change_message": "[{\"changed\": {\"fields\": [\"Image\"]}}]"}}, {"model": "admin.logentry", "pk": 21, "fields": {"action_time": "2022-01-06T17:34:21.611Z", "user": 1, "content_type": 13, "object_id": "6", "object_repr": "Assasin's Creed: Valhalla", "action_flag": 1, "change_message": "[{\"added\": {}}]"}}, {"model": "admin.logentry", "pk": 22, "fields": {"action_time": "2022-01-06T17:35:29.436Z", "user": 1, "content_type": 13, "object_id": "7", "object_repr": "Assasin's Creed: Valhalla", "action_flag": 1, "change_message": "[{\"added\": {}}]"}}, {"model": "admin.logentry", "pk": 23, "fields": {"action_time": "2022-01-06T17:36:31.858Z", "user": 1, "content_type": 13, "object_id": "8", "object_repr": "Assasin's Creed: Valhalla", "action_flag": 1, "change_message": "[{\"added\": {}}]"}}, {"model": "admin.logentry", "pk": 24, "fields": {"action_time": "2022-01-06T17:55:15.613Z", "user": 1, "content_type": 13, "object_id": "1", "object_repr": "God Of War: Ragnarok", "action_flag": 2, "change_message": "[{\"changed\": {\"fields\": [\"Age rating\"]}}]"}}, {"model": "admin.logentry", "pk": 25, "fields": {"action_time": "2022-01-06T17:55:36.786Z", "user": 1, "content_type": 13, "object_id": "2", "object_repr": "God Of War: Ragnarok", "action_flag": 2, "change_message": "[{\"changed\": {\"fields\": [\"Age rating\"]}}]"}}, {"model": "admin.logentry", "pk": 26, "fields": {"action_time": "2022-01-06T17:55:48.545Z", "user": 1, "content_type": 13, "object_id": "3", "object_repr": "Eternal Blue - Spiritbox", "action_flag": 2, "change_message": "[]"}}, {"model": "admin.logentry", "pk": 27, "fields": {"action_time": "2022-01-06T17:56:18.029Z", "user": 1, "content_type": 13, "object_id": "5", "object_repr": "The Logo Board Game - Second Edition", "action_flag": 2, "change_message": "[{\"changed\": {\"fields\": [\"Age rating\"]}}]"}}, {"model": "admin.logentry", "pk": 28, "fields": {"action_time": "2022-01-06T17:56:31.360Z", "user": 1, "content_type": 13, "object_id": "6", "object_repr": "Assasin's Creed: Valhalla", "action_flag": 2, "change_message": "[{\"changed\": {\"fields\": [\"Age rating\"]}}]"}}, {"model": "admin.logentry", "pk": 29, "fields": {"action_time": "2022-01-06T17:56:36.066Z", "user": 1, "content_type": 13, "object_id": "7", "object_repr": "Assasin's Creed: Valhalla", "action_flag": 2, "change_message": "[{\"changed\": {\"fields\": [\"Age rating\"]}}]"}}, {"model": "admin.logentry", "pk": 30, "fields": {"action_time": "2022-01-06T17:56:40.097Z", "user": 1, "content_type": 13, "object_id": "8", "object_repr": "Assasin's Creed: Valhalla", "action_flag": 2, "change_message": "[{\"changed\": {\"fields\": [\"Age rating\"]}}]"}}, {"model": "admin.logentry", "pk": 31, "fields": {"action_time": "2022-01-06T19:37:27.208Z", "user": 1, "content_type": 13, "object_id": "1", "object_repr": "God Of War: Ragnarok", "action_flag": 2, "change_message": "[{\"changed\": {\"fields\": [\"Sku\"]}}]"}}, {"model": "admin.logentry", "pk": 32, "fields": {"action_time": "2022-01-06T19:37:42.867Z", "user": 1, "content_type": 13, "object_id": "2", "object_repr": "God Of War: Ragnarok", "action_flag": 2, "change_message": "[{\"changed\": {\"fields\": [\"Sku\"]}}]"}}, {"model": "admin.logentry", "pk": 33, "fields": {"action_time": "2022-01-06T19:37:57.399Z", "user": 1, "content_type": 13, "object_id": "3", "object_repr": "Eternal Blue - Spiritbox", "action_flag": 2, "change_message": "[]"}}, {"model": "admin.logentry", "pk": 34, "fields": {"action_time": "2022-01-06T19:38:01.519Z", "user": 1, "content_type": 13, "object_id": "2", "object_repr": "God Of War: Ragnarok", "action_flag": 2, "change_message": "[{\"changed\": {\"fields\": [\"Sku\"]}}]"}}, {"model": "admin.logentry", "pk": 35, "fields": {"action_time": "2022-01-06T19:38:05.383Z", "user": 1, "content_type": 13, "object_id": "1", "object_repr": "God Of War: Ragnarok", "action_flag": 2, "change_message": "[{\"changed\": {\"fields\": [\"Sku\"]}}]"}}, {"model": "admin.logentry", "pk": 36, "fields": {"action_time": "2022-01-06T19:39:18.332Z", "user": 1, "content_type": 13, "object_id": "1", "object_repr": "God Of War: Ragnarok", "action_flag": 2, "change_message": "[{\"changed\": {\"fields\": [\"Sku\"]}}]"}}, {"model": "admin.logentry", "pk": 37, "fields": {"action_time": "2022-01-06T19:40:58.423Z", "user": 1, "content_type": 13, "object_id": "1", "object_repr": "God Of War: Ragnarok", "action_flag": 2, "change_message": "[{\"changed\": {\"fields\": [\"Sku\"]}}]"}}, {"model": "admin.logentry", "pk": 38, "fields": {"action_time": "2022-01-06T20:08:45.361Z", "user": 1, "content_type": 13, "object_id": "1", "object_repr": "God Of War: Ragnarok", "action_flag": 2, "change_message": "[{\"changed\": {\"fields\": [\"Description\"]}}]"}}, {"model": "admin.logentry", "pk": 39, "fields": {"action_time": "2022-01-06T20:08:50.238Z", "user": 1, "content_type": 13, "object_id": "2", "object_repr": "God Of War: Ragnarok", "action_flag": 2, "change_message": "[{\"changed\": {\"fields\": [\"Description\"]}}]"}}, {"model": "admin.logentry", "pk": 40, "fields": {"action_time": "2022-01-06T22:07:09.004Z", "user": 1, "content_type": 13, "object_id": "3", "object_repr": "Eternal Blue - Spiritbox", "action_flag": 2, "change_message": "[{\"changed\": {\"fields\": [\"Genre\"]}}]"}}, {"model": "admin.logentry", "pk": 41, "fields": {"action_time": "2022-01-06T22:07:16.480Z", "user": 1, "content_type": 13, "object_id": "4", "object_repr": "Eternal Blue - Spiritbox", "action_flag": 2, "change_message": "[{\"changed\": {\"fields\": [\"Genre\"]}}]"}}, {"model": "admin.logentry", "pk": 42, "fields": {"action_time": "2022-01-06T22:08:11.303Z", "user": 1, "content_type": 13, "object_id": "4", "object_repr": "Eternal Blue - Spiritbox", "action_flag": 2, "change_message": "[]"}}, {"model": "admin.logentry", "pk": 43, "fields": {"action_time": "2022-01-06T23:45:44.326Z", "user": 1, "content_type": 13, "object_id": "9", "object_repr": "Parkway Drive - Killing Gods Hoodie", "action_flag": 1, "change_message": "[{\"added\": {}}]"}}, {"model": "admin.logentry", "pk": 44, "fields": {"action_time": "2022-01-06T23:47:45.647Z", "user": 1, "content_type": 13, "object_id": "10", "object_repr": "Number of the Beast Graphic Tee", "action_flag": 1, "change_message": "[{\"added\": {}}]"}}, {"model": "admin.logentry", "pk": 45, "fields": {"action_time": "2022-01-06T23:51:31.714Z", "user": 1, "content_type": 13, "object_id": "11", "object_repr": "Kill 'Em All | Metallica Tee", "action_flag": 1, "change_message": "[{\"added\": {}}]"}}, {"model": "admin.logentry", "pk": 46, "fields": {"action_time": "2022-01-06T23:51:53.134Z", "user": 1, "content_type": 13, "object_id": "11", "object_repr": "Kill 'Em All | Metallica Tee", "action_flag": 2, "change_message": "[{\"changed\": {\"fields\": [\"Image\"]}}]"}}, {"model": "admin.logentry", "pk": 47, "fields": {"action_time": "2022-01-06T23:54:59.716Z", "user": 1, "content_type": 13, "object_id": "12", "object_repr": "Damage Inc | Metallica Tank Top", "action_flag": 1, "change_message": "[{\"added\": {}}]"}}, {"model": "admin.logentry", "pk": 48, "fields": {"action_time": "2022-01-07T00:00:11.117Z", "user": 1, "content_type": 13, "object_id": "13", "object_repr": "Original Soundtrack | Demon Souls", "action_flag": 1, "change_message": "[{\"added\": {}}]"}}, {"model": "admin.logentry", "pk": 49, "fields": {"action_time": "2022-01-07T00:00:44.863Z", "user": 1, "content_type": 13, "object_id": "13", "object_repr": "Original Soundtrack | Demon Souls", "action_flag": 2, "change_message": "[{\"changed\": {\"fields\": [\"Description\"]}}]"}}, {"model": "admin.logentry", "pk": 50, "fields": {"action_time": "2022-01-07T00:01:46.355Z", "user": 1, "content_type": 13, "object_id": "13", "object_repr": "Original Soundtrack | Demon Souls", "action_flag": 2, "change_message": "[{\"changed\": {\"fields\": [\"Platform\"]}}]"}}, {"model": "admin.logentry", "pk": 51, "fields": {"action_time": "2022-01-07T00:03:54.332Z", "user": 1, "content_type": 13, "object_id": "14", "object_repr": "GB Malic Slim Fit | Leather Jacket", "action_flag": 1, "change_message": "[{\"added\": {}}]"}}, {"model": "admin.logentry", "pk": 52, "fields": {"action_time": "2022-01-07T00:04:00.404Z", "user": 1, "content_type": 13, "object_id": "14", "object_repr": "GB Malic Slim Fit | Leather Jacket", "action_flag": 2, "change_message": "[{\"changed\": {\"fields\": [\"Category\"]}}]"}}, {"model": "admin.logentry", "pk": 53, "fields": {"action_time": "2022-01-07T00:06:07.132Z", "user": 1, "content_type": 13, "object_id": "15", "object_repr": "Cyberpunk 2077 Hoodie", "action_flag": 1, "change_message": "[{\"added\": {}}]"}}, {"model": "admin.logentry", "pk": 54, "fields": {"action_time": "2022-01-07T00:08:55.007Z", "user": 1, "content_type": 13, "object_id": "16", "object_repr": "FIFA 22", "action_flag": 1, "change_message": "[{\"added\": {}}]"}}, {"model": "admin.logentry", "pk": 55, "fields": {"action_time": "2022-01-07T00:13:01.089Z", "user": 1, "content_type": 13, "object_id": "17", "object_repr": "FIFA 22", "action_flag": 1, "change_message": "[{\"added\": {}}]"}}, {"model": "admin.logentry", "pk": 56, "fields": {"action_time": "2022-01-07T00:14:39.758Z", "user": 1, "content_type": 13, "object_id": "18", "object_repr": "FIFA 22", "action_flag": 1, "change_message": "[{\"added\": {}}]"}}, {"model": "admin.logentry", "pk": 57, "fields": {"action_time": "2022-01-07T00:18:20.536Z", "user": 1, "content_type": 13, "object_id": "19", "object_repr": "Underdog Games Trekking the World", "action_flag": 1, "change_message": "[{\"added\": {}}]"}}, {"model": "admin.logentry", "pk": 58, "fields": {"action_time": "2022-01-07T15:47:44.532Z", "user": 1, "content_type": 13, "object_id": "18", "object_repr": "FIFA 22", "action_flag": 2, "change_message": "[{\"changed\": {\"fields\": [\"Category\"]}}]"}}, {"model": "admin.logentry", "pk": 59, "fields": {"action_time": "2022-01-07T15:55:25.583Z", "user": 1, "content_type": 13, "object_id": "20", "object_repr": "Red Dead Redemption 2", "action_flag": 1, "change_message": "[{\"added\": {}}]"}}, {"model": "admin.logentry", "pk": 60, "fields": {"action_time": "2022-01-07T15:58:16.476Z", "user": 1, "content_type": 13, "object_id": "21", "object_repr": "Red Dead Redemption 2", "action_flag": 1, "change_message": "[{\"added\": {}}]"}}, {"model": "admin.logentry", "pk": 61, "fields": {"action_time": "2022-01-08T17:58:15.233Z", "user": 1, "content_type": 13, "object_id": "10", "object_repr": "Number of the Beast Graphic Tee", "action_flag": 2, "change_message": "[{\"changed\": {\"fields\": [\"Sizes\"]}}]"}}, {"model": "admin.logentry", "pk": 62, "fields": {"action_time": "2022-01-08T17:58:20.840Z", "user": 1, "content_type": 13, "object_id": "11", "object_repr": "Kill 'Em All | Metallica Tee", "action_flag": 2, "change_message": "[{\"changed\": {\"fields\": [\"Sizes\"]}}]"}}, {"model": "admin.logentry", "pk": 63, "fields": {"action_time": "2022-01-08T17:58:26.867Z", "user": 1, "content_type": 13, "object_id": "12", "object_repr": "Damage Inc | Metallica Tank Top", "action_flag": 2, "change_message": "[{\"changed\": {\"fields\": [\"Sizes\"]}}]"}}, {"model": "admin.logentry", "pk": 64, "fields": {"action_time": "2022-01-08T17:58:36.875Z", "user": 1, "content_type": 13, "object_id": "14", "object_repr": "GB Malic Slim Fit | Leather Jacket", "action_flag": 2, "change_message": "[{\"changed\": {\"fields\": [\"Sizes\"]}}]"}}, {"model": "admin.logentry", "pk": 65, "fields": {"action_time": "2022-01-08T17:58:41.557Z", "user": 1, "content_type": 13, "object_id": "15", "object_repr": "Cyberpunk 2077 Hoodie", "action_flag": 2, "change_message": "[{\"changed\": {\"fields\": [\"Sizes\"]}}]"}}, {"model": "admin.logentry", "pk": 66, "fields": {"action_time": "2022-01-08T17:58:48.013Z", "user": 1, "content_type": 13, "object_id": "9", "object_repr": "Parkway Drive - Killing Gods Hoodie", "action_flag": 2, "change_message": "[{\"changed\": {\"fields\": [\"Sizes\"]}}]"}}, {"model": "admin.logentry", "pk": 67, "fields": {"action_time": "2022-01-08T18:44:44.667Z", "user": 1, "content_type": 13, "object_id": "22", "object_repr": "Xbox Series S", "action_flag": 1, "change_message": "[{\"added\": {}}]"}}, {"model": "admin.logentry", "pk": 68, "fields": {"action_time": "2022-01-08T18:46:15.427Z", "user": 1, "content_type": 13, "object_id": "22", "object_repr": "Xbox Series S", "action_flag": 2, "change_message": "[{\"changed\": {\"fields\": [\"Image\"]}}]"}}, {"model": "admin.logentry", "pk": 69, "fields": {"action_time": "2022-01-08T18:48:07.065Z", "user": 1, "content_type": 13, "object_id": "22", "object_repr": "Xbox Series S", "action_flag": 2, "change_message": "[{\"changed\": {\"fields\": [\"Image url\", \"Image\"]}}]"}}, {"model": "admin.logentry", "pk": 70, "fields": {"action_time": "2022-01-08T18:48:19.744Z", "user": 1, "content_type": 13, "object_id": "22", "object_repr": "Xbox Series S", "action_flag": 2, "change_message": "[{\"changed\": {\"fields\": [\"Image\"]}}]"}}, {"model": "admin.logentry", "pk": 71, "fields": {"action_time": "2022-01-08T18:48:58.482Z", "user": 1, "content_type": 13, "object_id": "22", "object_repr": "Xbox Series S", "action_flag": 2, "change_message": "[{\"changed\": {\"fields\": [\"Age rating\"]}}]"}}, {"model": "admin.logentry", "pk": 72, "fields": {"action_time": "2022-01-08T18:49:13.448Z", "user": 1, "content_type": 13, "object_id": "22", "object_repr": "Xbox Series S", "action_flag": 2, "change_message": "[]"}}, {"model": "admin.logentry", "pk": 73, "fields": {"action_time": "2022-01-08T18:49:25.805Z", "user": 1, "content_type": 13, "object_id": "22", "object_repr": "Xbox Series S", "action_flag": 2, "change_message": "[{\"changed\": {\"fields\": [\"Age rating\"]}}]"}}, {"model": "admin.logentry", "pk": 74, "fields": {"action_time": "2022-01-08T19:06:16.925Z", "user": 1, "content_type": 13, "object_id": "23", "object_repr": "Elder Scrolls 5: Skyrim", "action_flag": 1, "change_message": "[{\"added\": {}}]"}}, {"model": "admin.logentry", "pk": 75, "fields": {"action_time": "2022-01-08T19:06:38.776Z", "user": 1, "content_type": 13, "object_id": "23", "object_repr": "Elder Scrolls 5: Skyrim Special Edition", "action_flag": 2, "change_message": "[{\"changed\": {\"fields\": [\"Name\"]}}]"}}, {"model": "admin.logentry", "pk": 76, "fields": {"action_time": "2022-01-08T19:09:26.541Z", "user": 1, "content_type": 13, "object_id": "24", "object_repr": "Gun 'N Roses - Appetite for Destruction", "action_flag": 1, "change_message": "[{\"added\": {}}]"}}, {"model": "admin.logentry", "pk": 77, "fields": {"action_time": "2022-01-08T19:11:05.612Z", "user": 1, "content_type": 13, "object_id": "25", "object_repr": "Elder Scrolls 5: Skyrim Special Edition", "action_flag": 1, "change_message": "[{\"added\": {}}]"}}, {"model": "admin.logentry", "pk": 78, "fields": {"action_time": "2022-01-08T19:18:33.212Z", "user": 1, "content_type": 13, "object_id": "26", "object_repr": "AC/DC-Angus Rockin Tee", "action_flag": 1, "change_message": "[{\"added\": {}}]"}}, {"model": "admin.logentry", "pk": 79, "fields": {"action_time": "2022-01-08T19:26:54.786Z", "user": 1, "content_type": 13, "object_id": "27", "object_repr": "Black Sabbath Tie Dye Hoodie", "action_flag": 1, "change_message": "[{\"added\": {}}]"}}, {"model": "admin.logentry", "pk": 80, "fields": {"action_time": "2022-01-08T19:32:38.885Z", "user": 1, "content_type": 13, "object_id": "28", "object_repr": "Black Sabbath Sabotage Super Deluxe Edition", "action_flag": 1, "change_message": "[{\"added\": {}}]"}}, {"model": "admin.logentry", "pk": 81, "fields": {"action_time": "2022-01-08T19:33:40.072Z", "user": 1, "content_type": 14, "object_id": "6", "object_repr": "merch", "action_flag": 1, "change_message": "[{\"added\": {}}]"}}, {"model": "admin.logentry", "pk": 82, "fields": {"action_time": "2022-01-08T19:39:12.113Z", "user": 1, "content_type": 13, "object_id": "29", "object_repr": "MarioKart 8 Deluxe", "action_flag": 1, "change_message": "[{\"added\": {}}]"}}, {"model": "admin.logentry", "pk": 83, "fields": {"action_time": "2022-01-08T19:43:23.129Z", "user": 1, "content_type": 13, "object_id": "30", "object_repr": "Dawnbreaker pendant", "action_flag": 1, "change_message": "[{\"added\": {}}]"}}, {"model": "admin.logentry", "pk": 84, "fields": {"action_time": "2022-01-08T19:48:17.869Z", "user": 1, "content_type": 13, "object_id": "31", "object_repr": "Fallout NCR Veteran Ranger Helmet Bundle", "action_flag": 1, "change_message": "[{\"added\": {}}]"}}, {"model": "admin.logentry", "pk": 85, "fields": {"action_time": "2022-01-08T19:55:30.121Z", "user": 1, "content_type": 13, "object_id": "32", "object_repr": "Fallout 76 Steel Dawn Deluxe Edition", "action_flag": 1, "change_message": "[{\"added\": {}}]"}}, {"model": "admin.logentry", "pk": 86, "fields": {"action_time": "2022-01-08T19:59:57.622Z", "user": 1, "content_type": 13, "object_id": "33", "object_repr": "Funko Pop! games God of War Brok and Sindri 2 pack", "action_flag": 1, "change_message": "[{\"added\": {}}]"}}, {"model": "admin.logentry", "pk": 87, "fields": {"action_time": "2022-01-08T20:02:45.084Z", "user": 1, "content_type": 13, "object_id": "33", "object_repr": "Funko Pop! games God of War Brok and Sindri 2 pack", "action_flag": 2, "change_message": "[{\"changed\": {\"fields\": [\"Image\"]}}]"}}, {"model": "admin.logentry", "pk": 88, "fields": {"action_time": "2022-01-08T20:03:49.967Z", "user": 1, "content_type": 13, "object_id": "33", "object_repr": "Funko Pop! games God of War Brok and Sindri 2 pack", "action_flag": 2, "change_message": "[{\"changed\": {\"fields\": [\"Image\"]}}]"}}, {"model": "admin.logentry", "pk": 89, "fields": {"action_time": "2022-01-08T20:04:36.881Z", "user": 1, "content_type": 13, "object_id": "33", "object_repr": "Funko Pop! Games: God of War Brok and Sindri 2 pack", "action_flag": 2, "change_message": "[{\"changed\": {\"fields\": [\"Name\"]}}]"}}, {"model": "admin.logentry", "pk": 90, "fields": {"action_time": "2022-01-08T20:09:41.000Z", "user": 1, "content_type": 13, "object_id": "34", "object_repr": "Metallica Pop! Deluxe Album Funko Pop! 4 pack limited edition", "action_flag": 1, "change_message": "[{\"added\": {}}]"}}, {"model": "admin.logentry", "pk": 91, "fields": {"action_time": "2022-01-08T20:16:53.303Z", "user": 1, "content_type": 13, "object_id": "32", "object_repr": "Fallout 76 Steel Dawn Deluxe Edition", "action_flag": 2, "change_message": "[{\"changed\": {\"fields\": [\"Genre\"]}}]"}}, {"model": "admin.logentry", "pk": 92, "fields": {"action_time": "2022-01-08T20:18:51.643Z", "user": 1, "content_type": 13, "object_id": "35", "object_repr": "Fallout 76 Steel Dawn Deluxe Edition", "action_flag": 1, "change_message": "[{\"added\": {}}]"}}, {"model": "admin.logentry", "pk": 93, "fields": {"action_time": "2022-01-08T20:19:10.663Z", "user": 1, "content_type": 13, "object_id": "32", "object_repr": "Fallout 76 Steel Dawn Deluxe Edition", "action_flag": 2, "change_message": "[{\"changed\": {\"fields\": [\"Age rating\", \"Price\"]}}]"}}, {"model": "admin.logentry", "pk": 94, "fields": {"action_time": "2022-01-08T20:20:04.668Z", "user": 1, "content_type": 13, "object_id": "36", "object_repr": "Fallout 76 Steel Dawn Deluxe Edition", "action_flag": 1, "change_message": "[{\"added\": {}}]"}}, {"model": "admin.logentry", "pk": 95, "fields": {"action_time": "2022-01-08T20:21:19.241Z", "user": 1, "content_type": 13, "object_id": "36", "object_repr": "Fallout 76 Wastelanders", "action_flag": 2, "change_message": "[{\"changed\": {\"fields\": [\"Category\", \"Name\"]}}]"}}, {"model": "admin.logentry", "pk": 96, "fields": {"action_time": "2022-01-08T20:21:30.800Z", "user": 1, "content_type": 13, "object_id": "35", "object_repr": "Fallout 76 Wastelanders", "action_flag": 2, "change_message": "[{\"changed\": {\"fields\": [\"Name\"]}}]"}}, {"model": "admin.logentry", "pk": 97, "fields": {"action_time": "2022-01-09T11:02:28.916Z", "user": 1, "content_type": 16, "object_id": "1", "object_repr": "EDBCAF058A0244DAA842341E08F59A29", "action_flag": 1, "change_message": "[{\"added\": {}}, {\"added\": {\"name\": \"order line item\", \"object\": \"SKU 16 on order EDBCAF058A0244DAA842341E08F59A29\"}}]"}}, {"model": "admin.logentry", "pk": 98, "fields": {"action_time": "2022-01-09T11:02:51.274Z", "user": 1, "content_type": 16, "object_id": "1", "object_repr": "EDBCAF058A0244DAA842341E08F59A29", "action_flag": 2, "change_message": "[]"}}, {"model": "admin.logentry", "pk": 99, "fields": {"action_time": "2022-01-09T11:07:28.726Z", "user": 1, "content_type": 16, "object_id": "1", "object_repr": "EDBCAF058A0244DAA842341E08F59A29", "action_flag": 2, "change_message": "[{\"deleted\": {\"name\": \"order line item\", \"object\": \"SKU 16 on order EDBCAF058A0244DAA842341E08F59A29\"}}]"}}, {"model": "admin.logentry", "pk": 100, "fields": {"action_time": "2022-01-09T11:07:38.649Z", "user": 1, "content_type": 16, "object_id": "1", "object_repr": "EDBCAF058A0244DAA842341E08F59A29", "action_flag": 2, "change_message": "[{\"added\": {\"name\": \"order line item\", \"object\": \"SKU 24 on order EDBCAF058A0244DAA842341E08F59A29\"}}]"}}, {"model": "admin.logentry", "pk": 101, "fields": {"action_time": "2022-01-09T11:14:55.584Z", "user": 1, "content_type": 16, "object_id": "1", "object_repr": "EDBCAF058A0244DAA842341E08F59A29", "action_flag": 2, "change_message": "[{\"changed\": {\"name\": \"order line item\", \"object\": \"SKU 24 on order EDBCAF058A0244DAA842341E08F59A29\", \"fields\": [\"Quantity\"]}}]"}}, {"model": "admin.logentry", "pk": 102, "fields": {"action_time": "2022-01-09T11:16:51.851Z", "user": 1, "content_type": 16, "object_id": "1", "object_repr": "EDBCAF058A0244DAA842341E08F59A29", "action_flag": 2, "change_message": "[{\"deleted\": {\"name\": \"order line item\", \"object\": \"SKU 24 on order EDBCAF058A0244DAA842341E08F59A29\"}}]"}}, {"model": "admin.logentry", "pk": 103, "fields": {"action_time": "2022-01-09T11:17:16.232Z", "user": 1, "content_type": 16, "object_id": "1", "object_repr": "EDBCAF058A0244DAA842341E08F59A29", "action_flag": 3, "change_message": ""}}, {"model": "admin.logentry", "pk": 104, "fields": {"action_time": "2022-01-09T11:17:33.754Z", "user": 1, "content_type": 16, "object_id": "2", "object_repr": "550132B3BC7F4371ABDB8D32C30930DB", "action_flag": 1, "change_message": "[{\"added\": {}}, {\"added\": {\"name\": \"order line item\", \"object\": \"SKU 18 on order 550132B3BC7F4371ABDB8D32C30930DB\"}}]"}}, {"model": "admin.logentry", "pk": 105, "fields": {"action_time": "2022-01-09T11:18:36.803Z", "user": 1, "content_type": 16, "object_id": "2", "object_repr": "550132B3BC7F4371ABDB8D32C30930DB", "action_flag": 2, "change_message": "[{\"changed\": {\"name\": \"order line item\", \"object\": \"SKU 18 on order 550132B3BC7F4371ABDB8D32C30930DB\", \"fields\": [\"Quantity\"]}}]"}}, {"model": "admin.logentry", "pk": 106, "fields": {"action_time": "2022-01-09T11:53:45.761Z", "user": 1, "content_type": 16, "object_id": "2", "object_repr": "550132B3BC7F4371ABDB8D32C30930DB", "action_flag": 2, "change_message": "[]"}}, {"model": "admin.logentry", "pk": 107, "fields": {"action_time": "2022-01-09T11:53:51.625Z", "user": 1, "content_type": 16, "object_id": "2", "object_repr": "550132B3BC7F4371ABDB8D32C30930DB", "action_flag": 3, "change_message": ""}}, {"model": "admin.logentry", "pk": 108, "fields": {"action_time": "2022-01-09T11:54:08.369Z", "user": 1, "content_type": 16, "object_id": "2", "object_repr": "550132B3BC7F4371ABDB8D32C30930DB", "action_flag": 2, "change_message": "[{\"changed\": {\"name\": \"order line item\", \"object\": \"SKU 18 on order 550132B3BC7F4371ABDB8D32C30930DB\", \"fields\": [\"Quantity\"]}}]"}}, {"model": "admin.logentry", "pk": 109, "fields": {"action_time": "2022-01-09T11:55:13.627Z", "user": 1, "content_type": 16, "object_id": "2", "object_repr": "550132B3BC7F4371ABDB8D32C30930DB", "action_flag": 3, "change_message": ""}}, {"model": "admin.logentry", "pk": 110, "fields": {"action_time": "2022-01-09T12:21:37.189Z", "user": 1, "content_type": 16, "object_id": "3", "object_repr": "CB15F36CA1F3425C9DD2EAE7BB5E5478", "action_flag": 1, "change_message": "[{\"added\": {}}, {\"added\": {\"name\": \"order line item\", \"object\": \"SKU 19 on order CB15F36CA1F3425C9DD2EAE7BB5E5478\"}}]"}}, {"model": "admin.logentry", "pk": 111, "fields": {"action_time": "2022-01-09T12:21:46.280Z", "user": 1, "content_type": 16, "object_id": "3", "object_repr": "CB15F36CA1F3425C9DD2EAE7BB5E5478", "action_flag": 2, "change_message": "[{\"deleted\": {\"name\": \"order line item\", \"object\": \"SKU 19 on order CB15F36CA1F3425C9DD2EAE7BB5E5478\"}}]"}}, {"model": "admin.logentry", "pk": 112, "fields": {"action_time": "2022-01-09T12:22:28.451Z", "user": 1, "content_type": 16, "object_id": "3", "object_repr": "CB15F36CA1F3425C9DD2EAE7BB5E5478", "action_flag": 3, "change_message": ""}}, {"model": "admin.logentry", "pk": 113, "fields": {"action_time": "2022-01-09T12:25:27.982Z", "user": 1, "content_type": 16, "object_id": "4", "object_repr": "18BD6031303E4918B421FFD9C34138CC", "action_flag": 1, "change_message": "[{\"added\": {}}, {\"added\": {\"name\": \"order line item\", \"object\": \"SKU 18 on order 18BD6031303E4918B421FFD9C34138CC\"}}]"}}, {"model": "admin.logentry", "pk": 114, "fields": {"action_time": "2022-01-09T12:27:12.399Z", "user": 1, "content_type": 16, "object_id": "4", "object_repr": "18BD6031303E4918B421FFD9C34138CC", "action_flag": 3, "change_message": ""}}, {"model": "admin.logentry", "pk": 115, "fields": {"action_time": "2022-01-09T12:29:30.927Z", "user": 1, "content_type": 16, "object_id": "5", "object_repr": "07E51BF9CB434714985779DEF7E14B89", "action_flag": 1, "change_message": "[{\"added\": {}}, {\"added\": {\"name\": \"order line item\", \"object\": \"SKU 23 on order 07E51BF9CB434714985779DEF7E14B89\"}}]"}}, {"model": "admin.logentry", "pk": 116, "fields": {"action_time": "2022-01-09T12:30:53.782Z", "user": 1, "content_type": 16, "object_id": "5", "object_repr": "07E51BF9CB434714985779DEF7E14B89", "action_flag": 2, "change_message": "[{\"changed\": {\"name\": \"order line item\", \"object\": \"SKU 23 on order 07E51BF9CB434714985779DEF7E14B89\", \"fields\": [\"Quantity\"]}}]"}}, {"model": "admin.logentry", "pk": 117, "fields": {"action_time": "2022-01-09T12:31:00.690Z", "user": 1, "content_type": 16, "object_id": "5", "object_repr": "07E51BF9CB434714985779DEF7E14B89", "action_flag": 3, "change_message": ""}}, {"model": "admin.logentry", "pk": 118, "fields": {"action_time": "2022-01-09T12:31:33.854Z", "user": 1, "content_type": 16, "object_id": "6", "object_repr": "C28B4784344F4518801ADE85B335C847", "action_flag": 1, "change_message": "[{\"added\": {}}, {\"added\": {\"name\": \"order line item\", \"object\": \"SKU 23 on order C28B4784344F4518801ADE85B335C847\"}}]"}}, {"model": "admin.logentry", "pk": 119, "fields": {"action_time": "2022-01-09T12:55:53.457Z", "user": 1, "content_type": 16, "object_id": "6", "object_repr": "C28B4784344F4518801ADE85B335C847", "action_flag": 2, "change_message": "[]"}}, {"model": "admin.logentry", "pk": 120, "fields": {"action_time": "2022-01-09T17:46:44.981Z", "user": 1, "content_type": 16, "object_id": "6", "object_repr": "C28B4784344F4518801ADE85B335C847", "action_flag": 3, "change_message": ""}}, {"model": "admin.logentry", "pk": 121, "fields": {"action_time": "2022-01-09T18:09:10.317Z", "user": 1, "content_type": 16, "object_id": "7", "object_repr": "B1D70851B9B04926B8D6C9CAC6C29C92", "action_flag": 2, "change_message": "[{\"added\": {\"name\": \"order line item\", \"object\": \"SKU 25 on order B1D70851B9B04926B8D6C9CAC6C29C92\"}}]"}}, {"model": "admin.logentry", "pk": 122, "fields": {"action_time": "2022-01-09T19:13:06.085Z", "user": 1, "content_type": 16, "object_id": "18", "object_repr": "6CBFF90B8B4740929D63D67992EABD44", "action_flag": 3, "change_message": ""}}, {"model": "admin.logentry", "pk": 123, "fields": {"action_time": "2022-01-09T19:13:06.160Z", "user": 1, "content_type": 16, "object_id": "17", "object_repr": "98CA9F9E6037446D8061E810CA519B39", "action_flag": 3, "change_message": ""}}, {"model": "admin.logentry", "pk": 124, "fields": {"action_time": "2022-01-09T19:13:06.165Z", "user": 1, "content_type": 16, "object_id": "16", "object_repr": "057540C963374B5AB4D36CE9B87FF177", "action_flag": 3, "change_message": ""}}, {"model": "admin.logentry", "pk": 125, "fields": {"action_time": "2022-01-09T19:13:06.169Z", "user": 1, "content_type": 16, "object_id": "15", "object_repr": "0B414EECA9854432AC559C0EF693B91C", "action_flag": 3, "change_message": ""}}, {"model": "admin.logentry", "pk": 126, "fields": {"action_time": "2022-01-09T19:13:06.174Z", "user": 1, "content_type": 16, "object_id": "14", "object_repr": "59FDC3A64A184B51998163D92C361ECE", "action_flag": 3, "change_message": ""}}, {"model": "admin.logentry", "pk": 127, "fields": {"action_time": "2022-01-09T19:13:06.178Z", "user": 1, "content_type": 16, "object_id": "13", "object_repr": "8B07767FAC15468C9CCEAE0C546FB5A5", "action_flag": 3, "change_message": ""}}, {"model": "admin.logentry", "pk": 128, "fields": {"action_time": "2022-01-09T19:13:06.182Z", "user": 1, "content_type": 16, "object_id": "12", "object_repr": "E1F767AA3DBC427D8AEDF3676F171991", "action_flag": 3, "change_message": ""}}, {"model": "admin.logentry", "pk": 129, "fields": {"action_time": "2022-01-09T19:13:06.187Z", "user": 1, "content_type": 16, "object_id": "11", "object_repr": "B9511B765C8B4E228332236EFEBA042B", "action_flag": 3, "change_message": ""}}, {"model": "admin.logentry", "pk": 130, "fields": {"action_time": "2022-01-09T19:13:06.192Z", "user": 1, "content_type": 16, "object_id": "10", "object_repr": "F174376426C64AFD83D654D5B0DAD274", "action_flag": 3, "change_message": ""}}, {"model": "admin.logentry", "pk": 131, "fields": {"action_time": "2022-01-09T19:13:06.196Z", "user": 1, "content_type": 16, "object_id": "9", "object_repr": "904A2CC0DD5F4B1DB95318E65BA410E9", "action_flag": 3, "change_message": ""}}, {"model": "admin.logentry", "pk": 132, "fields": {"action_time": "2022-01-09T19:13:06.202Z", "user": 1, "content_type": 16, "object_id": "8", "object_repr": "4F54629EA5CD41159F6802EBB2A7D1ED", "action_flag": 3, "change_message": ""}}, {"model": "admin.logentry", "pk": 133, "fields": {"action_time": "2022-01-09T19:13:06.207Z", "user": 1, "content_type": 16, "object_id": "7", "object_repr": "B1D70851B9B04926B8D6C9CAC6C29C92", "action_flag": 3, "change_message": ""}}, {"model": "admin.logentry", "pk": 134, "fields": {"action_time": "2022-01-09T19:13:35.130Z", "user": 1, "content_type": 16, "object_id": "18", "object_repr": "6CBFF90B8B4740929D63D67992EABD44", "action_flag": 3, "change_message": ""}}, {"model": "admin.logentry", "pk": 135, "fields": {"action_time": "2022-01-09T19:13:35.136Z", "user": 1, "content_type": 16, "object_id": "17", "object_repr": "98CA9F9E6037446D8061E810CA519B39", "action_flag": 3, "change_message": ""}}, {"model": "admin.logentry", "pk": 136, "fields": {"action_time": "2022-01-09T19:13:35.140Z", "user": 1, "content_type": 16, "object_id": "16", "object_repr": "057540C963374B5AB4D36CE9B87FF177", "action_flag": 3, "change_message": ""}}, {"model": "admin.logentry", "pk": 137, "fields": {"action_time": "2022-01-09T19:13:35.144Z", "user": 1, "content_type": 16, "object_id": "15", "object_repr": "0B414EECA9854432AC559C0EF693B91C", "action_flag": 3, "change_message": ""}}, {"model": "admin.logentry", "pk": 138, "fields": {"action_time": "2022-01-09T19:13:35.148Z", "user": 1, "content_type": 16, "object_id": "14", "object_repr": "59FDC3A64A184B51998163D92C361ECE", "action_flag": 3, "change_message": ""}}, {"model": "admin.logentry", "pk": 139, "fields": {"action_time": "2022-01-09T19:13:35.151Z", "user": 1, "content_type": 16, "object_id": "13", "object_repr": "8B07767FAC15468C9CCEAE0C546FB5A5", "action_flag": 3, "change_message": ""}}, {"model": "admin.logentry", "pk": 140, "fields": {"action_time": "2022-01-09T19:13:35.155Z", "user": 1, "content_type": 16, "object_id": "12", "object_repr": "E1F767AA3DBC427D8AEDF3676F171991", "action_flag": 3, "change_message": ""}}, {"model": "admin.logentry", "pk": 141, "fields": {"action_time": "2022-01-09T19:13:35.159Z", "user": 1, "content_type": 16, "object_id": "11", "object_repr": "B9511B765C8B4E228332236EFEBA042B", "action_flag": 3, "change_message": ""}}, {"model": "admin.logentry", "pk": 142, "fields": {"action_time": "2022-01-09T19:13:35.162Z", "user": 1, "content_type": 16, "object_id": "10", "object_repr": "F174376426C64AFD83D654D5B0DAD274", "action_flag": 3, "change_message": ""}}, {"model": "admin.logentry", "pk": 143, "fields": {"action_time": "2022-01-09T19:13:35.166Z", "user": 1, "content_type": 16, "object_id": "9", "object_repr": "904A2CC0DD5F4B1DB95318E65BA410E9", "action_flag": 3, "change_message": ""}}, {"model": "admin.logentry", "pk": 144, "fields": {"action_time": "2022-01-09T19:13:35.170Z", "user": 1, "content_type": 16, "object_id": "8", "object_repr": "4F54629EA5CD41159F6802EBB2A7D1ED", "action_flag": 3, "change_message": ""}}, {"model": "admin.logentry", "pk": 145, "fields": {"action_time": "2022-01-09T19:13:35.173Z", "user": 1, "content_type": 16, "object_id": "7", "object_repr": "B1D70851B9B04926B8D6C9CAC6C29C92", "action_flag": 3, "change_message": ""}}, {"model": "admin.logentry", "pk": 146, "fields": {"action_time": "2022-01-09T19:13:59.451Z", "user": 1, "content_type": 16, "object_id": "18", "object_repr": "6CBFF90B8B4740929D63D67992EABD44", "action_flag": 3, "change_message": ""}}, {"model": "admin.logentry", "pk": 147, "fields": {"action_time": "2022-01-09T19:42:47.535Z", "user": 1, "content_type": 16, "object_id": "23", "object_repr": "E4898F0E1527487BBD529B61FED77AD1", "action_flag": 3, "change_message": ""}}, {"model": "admin.logentry", "pk": 148, "fields": {"action_time": "2022-01-09T19:42:52.004Z", "user": 1, "content_type": 16, "object_id": "22", "object_repr": "D21917993CF94773ACF9E6A07BABB366", "action_flag": 3, "change_message": ""}}, {"model": "admin.logentry", "pk": 149, "fields": {"action_time": "2022-01-09T19:42:52.010Z", "user": 1, "content_type": 16, "object_id": "21", "object_repr": "A9EBCC81E868411E942B656E33875E41", "action_flag": 3, "change_message": ""}}, {"model": "admin.logentry", "pk": 150, "fields": {"action_time": "2022-01-09T19:42:52.014Z", "user": 1, "content_type": 16, "object_id": "20", "object_repr": "FFA45BB6891E456D8DA7A912EF0DB8E4", "action_flag": 3, "change_message": ""}}, {"model": "admin.logentry", "pk": 151, "fields": {"action_time": "2022-01-09T19:42:52.019Z", "user": 1, "content_type": 16, "object_id": "19", "object_repr": "7CF88ABCD042448FB7CC4ECAE3BC9B9D", "action_flag": 3, "change_message": ""}}, {"model": "admin.logentry", "pk": 152, "fields": {"action_time": "2022-01-09T19:42:52.024Z", "user": 1, "content_type": 16, "object_id": "17", "object_repr": "98CA9F9E6037446D8061E810CA519B39", "action_flag": 3, "change_message": ""}}, {"model": "admin.logentry", "pk": 153, "fields": {"action_time": "2022-01-09T19:42:52.029Z", "user": 1, "content_type": 16, "object_id": "16", "object_repr": "057540C963374B5AB4D36CE9B87FF177", "action_flag": 3, "change_message": ""}}, {"model": "admin.logentry", "pk": 154, "fields": {"action_time": "2022-01-09T19:42:52.034Z", "user": 1, "content_type": 16, "object_id": "15", "object_repr": "0B414EECA9854432AC559C0EF693B91C", "action_flag": 3, "change_message": ""}}, {"model": "admin.logentry", "pk": 155, "fields": {"action_time": "2022-01-09T19:42:52.038Z", "user": 1, "content_type": 16, "object_id": "14", "object_repr": "59FDC3A64A184B51998163D92C361ECE", "action_flag": 3, "change_message": ""}}, {"model": "admin.logentry", "pk": 156, "fields": {"action_time": "2022-01-09T19:42:52.043Z", "user": 1, "content_type": 16, "object_id": "13", "object_repr": "8B07767FAC15468C9CCEAE0C546FB5A5", "action_flag": 3, "change_message": ""}}, {"model": "admin.logentry", "pk": 157, "fields": {"action_time": "2022-01-09T19:42:52.048Z", "user": 1, "content_type": 16, "object_id": "12", "object_repr": "E1F767AA3DBC427D8AEDF3676F171991", "action_flag": 3, "change_message": ""}}, {"model": "admin.logentry", "pk": 158, "fields": {"action_time": "2022-01-09T19:42:52.053Z", "user": 1, "content_type": 16, "object_id": "11", "object_repr": "B9511B765C8B4E228332236EFEBA042B", "action_flag": 3, "change_message": ""}}, {"model": "admin.logentry", "pk": 159, "fields": {"action_time": "2022-01-09T19:42:52.059Z", "user": 1, "content_type": 16, "object_id": "10", "object_repr": "F174376426C64AFD83D654D5B0DAD274", "action_flag": 3, "change_message": ""}}, {"model": "admin.logentry", "pk": 160, "fields": {"action_time": "2022-01-09T19:42:52.064Z", "user": 1, "content_type": 16, "object_id": "9", "object_repr": "904A2CC0DD5F4B1DB95318E65BA410E9", "action_flag": 3, "change_message": ""}}, {"model": "admin.logentry", "pk": 161, "fields": {"action_time": "2022-01-09T19:42:52.069Z", "user": 1, "content_type": 16, "object_id": "8", "object_repr": "4F54629EA5CD41159F6802EBB2A7D1ED", "action_flag": 3, "change_message": ""}}, {"model": "admin.logentry", "pk": 162, "fields": {"action_time": "2022-01-09T19:42:52.073Z", "user": 1, "content_type": 16, "object_id": "7", "object_repr": "B1D70851B9B04926B8D6C9CAC6C29C92", "action_flag": 3, "change_message": ""}}, {"model": "admin.logentry", "pk": 163, "fields": {"action_time": "2022-01-09T19:45:55.732Z", "user": 1, "content_type": 16, "object_id": "24", "object_repr": "43B2CFF007D4424691D1616567742AFE", "action_flag": 3, "change_message": ""}}, {"model": "admin.logentry", "pk": 164, "fields": {"action_time": "2022-01-09T23:19:12.821Z", "user": 1, "content_type": 16, "object_id": "31", "object_repr": "114AD8A248CC4C21A504EE02073A4689", "action_flag": 3, "change_message": ""}}, {"model": "admin.logentry", "pk": 165, "fields": {"action_time": "2022-01-09T23:19:12.827Z", "user": 1, "content_type": 16, "object_id": "30", "object_repr": "5937D5FF617E425F98D5F8E9EA89EFAA", "action_flag": 3, "change_message": ""}}, {"model": "admin.logentry", "pk": 166, "fields": {"action_time": "2022-01-09T23:19:12.833Z", "user": 1, "content_type": 16, "object_id": "29", "object_repr": "04355F096B50457E9ACA660FE7A66DEA", "action_flag": 3, "change_message": ""}}, {"model": "admin.logentry", "pk": 167, "fields": {"action_time": "2022-01-09T23:19:12.839Z", "user": 1, "content_type": 16, "object_id": "28", "object_repr": "C4C90E0CAF8648599E01CEC7D3665987", "action_flag": 3, "change_message": ""}}, {"model": "admin.logentry", "pk": 168, "fields": {"action_time": "2022-01-09T23:19:12.844Z", "user": 1, "content_type": 16, "object_id": "27", "object_repr": "98E0C503E5D74E57BA6BE13B1983BA01", "action_flag": 3, "change_message": ""}}, {"model": "admin.logentry", "pk": 169, "fields": {"action_time": "2022-01-09T23:19:12.851Z", "user": 1, "content_type": 16, "object_id": "26", "object_repr": "3353E1F28EA048B6B3857E07C1FAF07F", "action_flag": 3, "change_message": ""}}, {"model": "admin.logentry", "pk": 170, "fields": {"action_time": "2022-01-09T23:19:12.856Z", "user": 1, "content_type": 16, "object_id": "25", "object_repr": "22EB49CD211946D79C5B8B870C2A4701", "action_flag": 3, "change_message": ""}}, {"model": "admin.logentry", "pk": 171, "fields": {"action_time": "2022-01-09T23:36:35.512Z", "user": 1, "content_type": 4, "object_id": "1", "object_repr": "deanoandrejevic", "action_flag": 2, "change_message": "[]"}}, {"model": "admin.logentry", "pk": 172, "fields": {"action_time": "2022-01-10T22:32:41.221Z", "user": 1, "content_type": 13, "object_id": "37", "object_repr": "test", "action_flag": 3, "change_message": ""}}, {"model": "admin.logentry", "pk": 173, "fields": {"action_time": "2022-01-10T22:33:07.439Z", "user": 1, "content_type": 13, "object_id": "33", "object_repr": "Funko Pop! Games: God of War Brok and Sindri 2 pack", "action_flag": 2, "change_message": "[{\"changed\": {\"fields\": [\"Category\"]}}]"}}, {"model": "admin.logentry", "pk": 174, "fields": {"action_time": "2022-01-10T22:33:26.084Z", "user": 1, "content_type": 13, "object_id": "34", "object_repr": "Metallica Pop! Deluxe Album Funko Pop! 4 pack limited edition", "action_flag": 2, "change_message": "[{\"changed\": {\"fields\": [\"Category\"]}}]"}}, {"model": "admin.logentry", "pk": 175, "fields": {"action_time": "2022-01-10T22:33:43.860Z", "user": 1, "content_type": 13, "object_id": "30", "object_repr": "Dawnbreaker pendant", "action_flag": 2, "change_message": "[{\"changed\": {\"fields\": [\"Category\"]}}]"}}, {"model": "admin.logentry", "pk": 176, "fields": {"action_time": "2022-01-10T22:33:54.343Z", "user": 1, "content_type": 13, "object_id": "31", "object_repr": "Fallout NCR Veteran Ranger Helmet Bundle", "action_flag": 2, "change_message": "[{\"changed\": {\"fields\": [\"Category\"]}}]"}}, {"model": "admin.logentry", "pk": 177, "fields": {"action_time": "2022-01-10T22:34:13.138Z", "user": 1, "content_type": 14, "object_id": "6", "object_repr": "merch", "action_flag": 3, "change_message": ""}}, {"model": "admin.logentry", "pk": 178, "fields": {"action_time": "2022-01-10T22:34:48.021Z", "user": 1, "content_type": 14, "object_id": "4", "object_repr": "gadgets", "action_flag": 2, "change_message": "[{\"changed\": {\"fields\": [\"Name\", \"Friendly name\"]}}]"}}, {"model": "admin.logentry", "pk": 179, "fields": {"action_time": "2022-01-11T01:35:26.833Z", "user": 1, "content_type": 18, "object_id": "1", "object_repr": "deanoandrejevic", "action_flag": 1, "change_message": "[{\"added\": {}}]"}}, {"model": "admin.logentry", "pk": 180, "fields": {"action_time": "2022-01-11T01:38:22.519Z", "user": 1, "content_type": 18, "object_id": "1", "object_repr": "deanoandrejevic", "action_flag": 2, "change_message": "[]"}}, {"model": "admin.logentry", "pk": 181, "fields": {"action_time": "2022-01-11T01:38:30.949Z", "user": 1, "content_type": 18, "object_id": "2", "object_repr": "deanoandrejevic", "action_flag": 1, "change_message": "[{\"added\": {}}]"}}, {"model": "admin.logentry", "pk": 182, "fields": {"action_time": "2022-01-11T01:42:17.920Z", "user": 1, "content_type": 13, "object_id": "1", "object_repr": "God Of War: Ragnarok", "action_flag": 2, "change_message": "[]"}}, {"model": "auth.user", "pk": 1, "fields": {"password": "pbkdf2_sha256$260000$EGtXxh706qnCZGU8dW54kh$HOW4rDOfxPp5NoL4SRnODbgtcX9C3FqM4JNW0ykeZsM=", "last_login": "2022-01-10T23:11:11.657Z", "is_superuser": true, "username": "deanoandrejevic", "first_name": "Dean", "last_name": "Andrejevic", "email": "deanoandrejevic@gmail.com", "is_staff": true, "is_active": true, "date_joined": "2022-01-03T13:13:22Z", "groups": [], "user_permissions": []}}, {"model": "auth.user", "pk": 2, "fields": {"password": "pbkdf2_sha256$260000$eR0lErD88j2ypE2LcLxaf4$jknf7qEyXddrT/0nqjRgo3kSS7p9/ZA3WaMSju4/Qh8=", "last_login": "2022-01-09T23:53:50.428Z", "is_superuser": false, "username": "testytest", "first_name": "", "last_name": "", "email": "test@test.com", "is_staff": false, "is_active": true, "date_joined": "2022-01-09T23:53:26.154Z", "groups": [], "user_permissions": []}}, {"model": "auth.user", "pk": 3, "fields": {"password": "pbkdf2_sha256$260000$UoMtG4flHsjUeJnKU6OX2E$cdp4eVTF2PZtuk6L4TyJyQAZf/jqB5G943THnAo9T9Q=", "last_login": null, "is_superuser": true, "username": "deano1996", "first_name": "", "last_name": "", "email": "deanoandrejevic@gmail.com", "is_staff": true, "is_active": true, "date_joined": "2022-01-10T15:20:25.158Z", "groups": [], "user_permissions": []}}, {"model": "sessions.session", "pk": "1m660aemy6g0huf5pejyal2uek1gngyw", "fields": {"session_data": "eyJiYWciOnsiMTAiOnsiaXRlbXNfYnlfc2l6ZSI6eyJYUyI6MTB9fX19:1n6KE1:LgFX3NINRnuRMGt4oVLF4N39pAqzxAUVKYkHb69-jSw", "expire_date": "2022-01-22T22:30:13.838Z"}}, {"model": "sessions.session", "pk": "1w2eb8cqws74gji49rmo6jkqjiajareb", "fields": {"session_data": ".eJyrVkpKTFeyqlayBBGZJam5xfFJlfHFmVWpIIGIYCUrQx0lHyBZW6ujZGiKWxVY3gCrvC_YEJAqo1ogAABQcSR1:1n6JtS:cXfOaW7SPPmIqb2H2rJQ-ruA8zSvF40DmOmrz5dLLE4", "expire_date": "2022-01-22T22:08:58.826Z"}}, {"model": "sessions.session", "pk": "38j19mu6651yz4gx7uhjl4eydtfdthwu", "fields": {"session_data": ".eJxVjjsOgzAQRO-yNbLMEvwr0-cMaO1dA0kEEp8KcffEEkXSzps3mgM62reh21dZupEhQA3VbxYpvWQqgJ809bNK87QtY1Sloi66qsfM8r5f3b-Bgdbha2d22rK16GpDSVsxXpvIdZuy00jWc0abLbfkDbEWaYohETWlxrjyKlIP4QCEcKsAPQRXQQMBz_MDJxk-Rg:1n6Hi9:SIB5e6xKhJKqSVZayHzWF6rvGK1rE490k8jftHRrt2g", "expire_date": "2022-01-22T19:49:09.986Z"}}, {"model": "sessions.session", "pk": "46org18zx5od0tj41ewdxlxe9j7kzpsk", "fields": {"session_data": ".eJxVjEEOgyAQRe8y64YARgZcdt8zmIEZxLbRRHRlvHtr4sbtf-_9HSIN0O1gobPHA3ra1tJvVZZ-ZOjAwG2LlD4ynYDfNA2zSvO0LmNUp6IuWtVrZvk-L_d2UKiWf53Za2RE642jpFFc0C6yaVP22hIGzhYzckvBEWuR5iwkWk2pcd7A8QN9PTvo:1n6Hqi:BW69QlwErJrrWwQ8uNJZzGu2PVCgv4NU7I1HbY03f2w", "expire_date": "2022-01-22T19:58:00.186Z"}}, {"model": "sessions.session", "pk": "4j3bww8ayuypx2pcvnh0tud03m3xo03u", "fields": {"session_data": "e30:1n6hSM:5YdEDy5MTrSDyEyy-J0ISZf9F7A5OIt_F25Hw4DxMak", "expire_date": "2022-01-23T23:18:34.840Z"}}, {"model": "sessions.session", "pk": "55xgob28gceklywvs1bumhvdnpfx17k4", "fields": {"session_data": ".eJxVjDsOgzAQRO-yNbJsE7zGZXrOgNbeNZBEIPGpEHcPSDSUM_Pe7BCpg7BDBcEUYCG8CjD6DEcBLW1r326LzO3AEMDAo4uUvjJeA39o7CaVpnGdh6guRN3ropqJ5fe-2cdBT0t_2pm9Rka03jhKGsXV2kU2VcpeW8Kas8WMXFHtiLVIeRkSraZUOm_g-ANHLT42:1n6IqO:z5-xwuyrUKbXYQKBzKDBtN6bevI1LxKlXnSEojzrAHw", "expire_date": "2022-01-22T21:01:44.036Z"}}, {"model": "sessions.session", "pk": "5bs2p9s9y627mv09lclbyi9a2upn0fj4", "fields": {"session_data": ".eJxVjctuwjAURH_Fuhs2UYQfcUx2tOtuuyHIun4loaktxckCIf4dI1GpbOfMnLmBxm0d9Zb9oicHHVCo_mcG7Y-PT-AuGIdU2xTXZTL1s1K_aK6_kvPzx6v7Jhgxj2XNuOBUqoPElgermLA2GMWtPDCvrFAGhRSBI7aU475taEOlDMpSIZgJrSlSgwN0N1DQ0Xu5-PU54-BzkZ9OPWh9ySn-pT1UZF8R1lSkh6Nz3pFjAXmKu0w-F-9dR75xHnGekayJXNO2kHLQw_kM9wfSHVlZ:1n71ud:ETD1fk_1VHHgmqcULlEoH-lsZpsQoJnU6EXjg8K4tuE", "expire_date": "2022-01-24T21:09:07.390Z"}}, {"model": "sessions.session", "pk": "7mktn2k1l4afapbxs90dn6ia98sfbo5d", "fields": {"session_data": "e30:1n6gvJ:64asNkX1z7rqJt-dUzqPUbKUStlXyOs-5IsTFKoSbcc", "expire_date": "2022-01-23T22:44:25.666Z"}}, {"model": "sessions.session", "pk": "9sh221xyh8lifap9vw4brhx4s3i7s5pp", "fields": {"session_data": ".eJxVjsFqwzAQRH9F3bMxsoMt28dceiqFXHqIg1hpV7aTWAIpDpSQf68NKbTXmXkz8wCNy23US-KoJ4IOCsj-agbthf1m0Bn9EHIb_C1OJt8i-ctN-Ucgvu5f2X8FI6ZxpR01UpFSZVPUaKXiupW1oaKyrpElqpZcqZyiCtsaSTLvNoJNKdHu6mZ7lfDOevIuQOfwmjgDgwN0j-e6N3NKOHBal47HHrQ-p-B_1R4yITNRVpno4cBzuDOJ90Di04kvjJ044OAxhotwMcziOyxRrNVvPZxO8PwBmRpfoQ:1n6gVf:jBWr8PnNiA1_382GJvKlGZuM88sMXbNcFDX7UGZFujI", "expire_date": "2022-01-23T22:17:55.797Z"}}, {"model": "sessions.session", "pk": "b6s3czpu0kl2zwjjo1wrvj7cnyuo40dp", "fields": {"session_data": "eyJiYWciOnsiOSI6eyJpdGVtc19ieV9zaXplIjp7Im0iOjEsInhzIjoxfX19fQ:1n6JmM:JN7ayyP1gtwlGCsxA6NmIBHQNPpsA2ybPFKJtcUf-eY", "expire_date": "2022-01-22T22:01:38.259Z"}}, {"model": "sessions.session", "pk": "dz2nevt8oxo2pz5xvqpgzyjp6rq6d6fo", "fields": {"session_data": "e30:1n6hRF:qAJZjLmEJLFD-VJUt91W9jo2PNnrWlyLgDGI8LaWRTc", "expire_date": "2022-01-23T23:17:25.144Z"}}, {"model": "sessions.session", "pk": "fa4fi84t1yyhe9wg01dons84v9pnn2lo", "fields": {"session_data": "eyJfbWVzc2FnZXMiOiJbW1wiX19qc29uX21lc3NhZ2VcIiwgMCwgMjUsIFwiWW91IGhhdmUgc2lnbmVkIG91dC5cIl1dIn0:1n6hQw:lmxeldrxF12m967t1xzjow8s-GoFMbBWZPaJifFi3RM", "expire_date": "2022-01-23T23:17:06.864Z"}}, {"model": "sessions.session", "pk": "fo0lz0x6sddw6ldlsmvv88swp45rge0v", "fields": {"session_data": ".eJxVjMEOgyAQBf9lz4YIrIAce-83mAVBaRtsRJM2xn9vTTy01zfzZoOO1mXs1hLmLvVggUP1uzny95AP0N8oDxPzU17m5NihsJMWdp368Lic7l9gpDJ-30Ki5Mq0irSM3gj0PjojvWpFMB6NI1QYJZHmkmrd8IYrFY3niMJF7Y5oCaWkKXfh9UzzG2xdgaMB7AZSg8UKJFheAYJt9v0DTAxEjA:1n72XI:lhy_T1NfhXIGQ9QjhQQODKlDBj7NC_Vul6Likf2dbbI", "expire_date": "2022-01-24T21:49:04.550Z"}}, {"model": "sessions.session", "pk": "i6jf6bdlhuxpjcn81um3xtury9d93znb", "fields": {"session_data": "e30:1n6hhy:TwRzky0KVfBMBjAnKtsgkIlsDtumtW64dSY1DSkePI4", "expire_date": "2022-01-23T23:34:42.786Z"}}, {"model": "sessions.session", "pk": "iy75vzsrbuepud80v343y2y3ebq5czwa", "fields": {"session_data": "e30:1n6hiZ:1twqWKYpDxVMoSOgWCLK0ktYj2AgbafTIOU601FxTvE", "expire_date": "2022-01-23T23:35:19.708Z"}}, {"model": "sessions.session", "pk": "j74oqbyrq7mqbo6buw0z2js6cor9egs8", "fields": {"session_data": ".eJyrVkpKTFeyqlYyUrIy11EyBlKGOkqWIJHMktTc4vikyvjizKpUkEBEsJKVWW2tjpKhAVb5YLBekCpDo1ogAADQuxuP:1n6KDf:ezLnN9lYRHtl289STe-EBe3QjHg6rw-Z4cZu3t__8Zc", "expire_date": "2022-01-22T22:29:51.895Z"}}, {"model": "sessions.session", "pk": "kiervn5mg3rf9n161vhmmvh2wbbsv441", "fields": {"session_data": "eyJiYWciOnsiMiI6MiwiNCI6MiwiMTEiOjIsIjkiOjF9fQ:1n6Jhw:lVMe2YXeveDY4qhz4g_0EbdCh9dkx0pl9GNshDCP9wk", "expire_date": "2022-01-22T21:57:04.945Z"}}, {"model": "sessions.session", "pk": "kpq4nc9n92ufz3502v0h2lj8drwpld2j", "fields": {"session_data": ".eJxVjEEOwiAQRe_C2hCgKQMu3XsGMjCDVA0kpV0Z764kXej2v_f-SwTctxL2zmtYSJyFFqffLWJ6cB2A7lhvTaZWt3WJcijyoF1eG_Hzcrh_BwV7-daZnAICME5bTArYemUj6TllpwyCp2wgA83oLZJinkbB0ShMk3VavD_oTzg6:1n5rSK:-MrMODfRFTBHll7aPcEMZ40LnLwMdhrBZvHniP7GvLg", "expire_date": "2022-01-21T15:47:04.734Z"}}, {"model": "sessions.session", "pk": "m4mvlp8exxlaa7vrtmotp63g6fuo8463", "fields": {"session_data": "eyJiYWciOnsiMTAiOnsiaXRlbXNfYnlfc2l6ZSI6eyJYUyI6M319fX0:1n6KK9:IiPnj7I0vGFr6gbTtkHJw75lhZOuR3OcdNiM9cxrrZI", "expire_date": "2022-01-22T22:36:33.754Z"}}, {"model": "sessions.session", "pk": "m7x373lm5zdeeweseknu42cybgpw631b", "fields": {"session_data": ".eJw1jUEKwjAUBa_yeOsstCBIdoqeoMumhMR8arU2pUlAKb27deFqYBiYhd511AurI_V-VbQvScl1kqjZNIbWPlIc_9ZQYadQHRQMTyFIwHlwtydq573L9x9j3kLUZZIZFxnKW3ANfe7jiBzxiWXG9jRsW65fGd4pvg:1n71zN:ueP2RWlX1vxESrQSEqYtu43K1_9Tke8CIRcR5aceLpM", "expire_date": "2022-01-24T21:14:01.125Z"}}, {"model": "sessions.session", "pk": "mom8h40hb5sz2e6w7r6j0p6h0kpanz50", "fields": {"session_data": "eyJiYWciOnsiOCI6MX0sIl9tZXNzYWdlcyI6IltbXCJfX2pzb25fbWVzc2FnZVwiLCAwLCAyNSwgXCJBZGRlZCBBc3Nhc2luJ3MgQ3JlZWQ6IFZhbGhhbGxhIHRvIHlvdXIgYmFnXCJdXSJ9:1n720y:tvdCPUGgRtpNV4D54G3wTQDPINliMR5zFQarZftG19o", "expire_date": "2022-01-24T21:15:40.663Z"}}, {"model": "sessions.session", "pk": "mslh9otyhhjm13zbo31bcp93q46s9rub", "fields": {"session_data": "e30:1n6hiG:ytlvDds_WbT4JG2NcQyNQTM0D-spM0eZG5LPJ74O2MU", "expire_date": "2022-01-23T23:35:00.117Z"}}, {"model": "sessions.session", "pk": "nloaaq7bcpw0ya8hc0qo1siogsyglbn3", "fields": {"session_data": "eyJiYWciOnsiMiI6MzB9fQ:1n6KzP:0q4GMrs3P7fLnGGomuM34aM5XE3gUVyjjixgR8ZR9yI", "expire_date": "2022-01-22T23:19:11.802Z"}}, {"model": "sessions.session", "pk": "ojwhgjc4a63gl1v7tbsj17c9qml5re2x", "fields": {"session_data": "e30:1n6hSS:uVyrb-6NsF_-T-UGPeaDrEiw5WJbb8V8nZuZs9zXKkk", "expire_date": "2022-01-23T23:18:40.776Z"}}, {"model": "sessions.session", "pk": "p8z29n0nl34wij4kn009yengw72fesfn", "fields": {"session_data": "e30:1n6hJS:dtfngFhv6-B1qYZmMTLSEBI-i7FtoCu5q06cm3Po8r4", "expire_date": "2022-01-23T23:09:22.597Z"}}, {"model": "sessions.session", "pk": "qlpum6bpeil44hdre1aatenzwy2llsmx", "fields": {"session_data": "eyJiYWciOnsiMyI6MTB9fQ:1n6MMn:0Gd-05imRiXjQhQykWJip6VKITCXr2aXyzigzmqs_cs", "expire_date": "2022-01-23T00:47:25.005Z"}}, {"model": "sessions.session", "pk": "rc9fney30rtoy3wyyh6v5k82bn398u3i", "fields": {"session_data": "e30:1n6h10:o8fPQ2ZbkHgi9npEY2MtKjlQv-_C7peV_EOYqUjUzK4", "expire_date": "2022-01-23T22:50:18.119Z"}}, {"model": "sessions.session", "pk": "sm02uxn2s2fzgs4kxddiqx8lmaa1l8hz", "fields": {"session_data": ".eJx9kD1vgzAQhv_K1TNCEMrn2KVTVSkdOoTIOuMzmIBd2SEqivLfaySWLB1ued73npPuzgT2rLmzlDXpI2Icl-vAF0-Oa8magJ-YwO5CZgvkiKa3cWfN1WkRb5V4T338YSVNb3v3STCgH8J2gXWdyzxMqkoliy5N8lRJrJRQRZkkZYoyV68iU0SK6grFQZWVyEpBSVZguUk9ea-t4fT7o93KmiSwOTDsyYcTp1PLOB99aOy0ZREkERzyCFr2tXRdwGqZphW87g1J0AbQgyQ0Fo10NNJNd3HLzhH8LzvSbG9B8G4lfCr4RtfAEXuDzl5AOTvDahcH4dUvwXZmjz9xr3wZ:1n6jQi:CkNxUUSt6IEzUpfgjxQNwHJ2Bm69wBZQghL__CMwUK8", "expire_date": "2022-01-24T01:25:00.640Z"}}, {"model": "sessions.session", "pk": "tekn8st88uvu5cxtb6akpe0y3fq66x2o", "fields": {"session_data": ".eJxVjMEOwiAQBf-FsyEFtkB79O43kGULFjVgoE00xn_XJj3o9c28eTGH6zK7tYXq0sRGJtjhd_NI15A3MF0wnwunkpeaPN8UvtPGT2UKt-Pu_gVmbPP3LRUooe2g0ahIVgJR9FaRHmSwBNYjaIgK0QiFnelFL7SOlgSA9NH4LdpCa6lkFx73VJ9s7N4fY34-gw:1n76B0:yiGS6SgTPTG-Cfx9pAeuY1YZhE9kYxAGddqwPZQyOvM", "expire_date": "2022-01-25T01:42:18.090Z"}}, {"model": "sessions.session", "pk": "uhuuutit4awfx2awjq4x6selo18u8m92", "fields": {"session_data": "eyJiYWciOnsiMiI6NSwiMTUiOjIsIjEwIjoxLCI5IjoxMX19:1n6J8R:8fs8O2T8Fb5w6fZ8YEz2ksIaHvtNGqB4f8ADYnnxTts", "expire_date": "2022-01-22T21:20:23.747Z"}}, {"model": "sessions.session", "pk": "uittt34l6rm16tae15txhfujkpexgj6k", "fields": {"session_data": ".eJxVjEEOwiAQRe_C2hCgKQMu3XsGMjCDVA0kpV0Z764kXej2v_f-SwTctxL2zmtYSJyFFqffLWJ6cB2A7lhvTaZWt3WJcijyoF1eG_Hzcrh_BwV7-daZnAICME5bTArYemUj6TllpwyCp2wgA83oLZJinkbB0ShMk3VavD_oTzg6:1n6Gyy:sHcbprmC5tqUNbjVq4twyfWxMlnwDvxtk8u5NFXcbx0", "expire_date": "2022-01-22T19:02:28.837Z"}}, {"model": "sessions.session", "pk": "vj9limkwat6x03o75zxlmaj9j5cv5dg0", "fields": {"session_data": "e30:1n6hRo:lVL3i-4Lx66UeiHlXSdG1PDl4s6roPz6268hmMwPdaA", "expire_date": "2022-01-23T23:18:00.928Z"}}, {"model": "sessions.session", "pk": "wv0pm65bzavxrv9ocy6agv6b2ajrfpjc", "fields": {"session_data": "eyJiYWciOnsiNCI6NCwiMiI6MTEsIjMiOjI3LCI2IjozLCI1Ijo0LCIxIjo0fX0:1n6MKr:emtzeX5hvasB9Wdt-RWBafbELOiF3iO5E_iwn_F2kes", "expire_date": "2022-01-23T00:45:25.898Z"}}, {"model": "sessions.session", "pk": "zpqjalacep4qj9ioa6ff1f0c57pkpb61", "fields": {"session_data": ".eJw1zE0KwjAQQOGrDLOOkgpJwJtIU4ZJM60_2Eimtah4d7tx8xbf4n2Q7qLKoygesW0jEl21TH-NaMAaODgDEU9lgTM_BfQyTpKhLPM-YtehQXqw6lpqpioqM93ktf34bVNdd43rvQ1ik3ecJfiUWPq8pRns4FLA7w_0MyyS:1n6heO:-29O4B0HrSw9Z83gholoe2NL0d6IuHjNY5BHqR3lb44", "expire_date": "2022-01-23T23:31:00.093Z"}}, {"model": "sessions.session", "pk": "zvp8wiz21qcp0s5s7n30mth9s1t99v2g", "fields": {"session_data": "eyJiYWciOnsiMTAiOnsiaXRlbXNfYnlfc2l6ZSI6eyJYUyI6MTh9fX19:1n6KbI:FfsZwcmc38KSIFTCgja2VeRcaddZRahMUDl9I4nOKSQ", "expire_date": "2022-01-22T22:54:16.359Z"}}, {"model": "sites.site", "pk": 1, "fields": {"domain": "justonemore.com", "name": "Just One More!"}}, {"model": "account.emailaddress", "pk": 1, "fields": {"user": 1, "email": "deanoandrejevic@gmail.com", "verified": true, "primary": true}}, {"model": "account.emailaddress", "pk": 2, "fields": {"user": 2, "email": "test@test.com", "verified": true, "primary": true}}, {"model": "products.category", "pk": 1, "fields": {"name": "video_games", "friendly_name": "Video Games"}}, {"model": "products.category", "pk": 2, "fields": {"name": "music", "friendly_name": "Music"}}, {"model": "products.category", "pk": 3, "fields": {"name": "board_games", "friendly_name": "Board Games"}}, {"model": "products.category", "pk": 4, "fields": {"name": "gadgets", "friendly_name": "Gadgets"}}, {"model": "products.category", "pk": 5, "fields": {"name": "clothing", "friendly_name": "Clothing"}}, {"model": "products.product", "pk": 1, "fields": {"category": 1, "sku": "1", "name": "God Of War: Ragnarok", "age_rating": "18", "platform": "PS5", "genre": null, "sizes": false, "description": "Kratos and Atreus embark on a mythic journey for answers and allies before Ragnark arrives. From Santa Monica Studio comes the sequel to the critically acclaimed God of War (2018). Kratos and Atreus must journey to each of the Nine Realms in search of answers as they prepare for the prophesied battle that will end the world. \r\n\r\nTogether, Kratos and Atreus venture deep into the Nine Realms in search of answers as Asgardian forces prepare for war. Along the way they will explore stunning, mythical landscapes, gather allies from across the realms and face fearsome enemies in the form of Norse gods and monsters.\r\n\r\nAs the threat of Ragnark grows ever closer, Kratos and Atreus find themselves choosing between the safety of their family and the safety of the realms...", "price": "59.99", "image_url": "https://m.media-amazon.com/images/M/MV5BMDQ1MmQ5NTItZTk0ZS00M2E5LTkzNmQtNDI2YWMyOGFlZWVjXkEyXkFqcGdeQXVyOTg3NjI1MTg@._V1_.jpg", "image": "1.jpg"}}, {"model": "products.product", "pk": 3, "fields": {"category": 2, "sku": "3", "name": "Eternal Blue - Spiritbox", "age_rating": null, "platform": "CD", "genre": "Metalcore", "sizes": false, "description": "Eternal Blue is the debut studio album by Canadian heavy metal band Spiritbox. It was released on September 17, 2021, through the band's own Pale Chord Records in partnership with Rise Records.", "price": "9.99", "image_url": "https://www.impericon.com/media/catalog/product/s/p/sprtbx_etrnl-blu_4000x4000.jpg", "image": "3.jpg"}}, {"model": "products.product", "pk": 4, "fields": {"category": 2, "sku": "4", "name": "Eternal Blue - Spiritbox", "age_rating": null, "platform": "Vinyl", "genre": "Metalcore", "sizes": false, "description": "Eternal Blue is the debut studio album by Canadian heavy metal band Spiritbox. It was released on September 17, 2021, through the band's own Pale Chord Records in partnership with Rise Records.", "price": "19.99", "image_url": "https://www.impericon.com/media/catalog/product/2/0/20210617_spiritbox_eternal_blue_colored_lp_lg.jpg", "image": "4.jpg"}}, {"model": "products.product", "pk": 5, "fields": {"category": 3, "sku": "5", "name": "The Logo Board Game - Second Edition", "age_rating": "12+", "platform": null, "genre": null, "sizes": false, "description": "BEST SELLING FAMILY TRIVIA GAME: The LOGO 2 board game is the ALL NEW version of the UK's favourite family logo team game, featuring a whole new set of question cards!", "price": "15.00", "image_url": "https://m.media-amazon.com/images/I/81KsMSjELaL._AC_SL1500_.jpghttps://m.media-amazon.com/images/I/81KsMSjELaL._AC_SL1500_.jpg", "image": "5.jpg"}}, {"model": "products.product", "pk": 6, "fields": {"category": 1, "sku": "6", "name": "Assasin's Creed: Valhalla", "age_rating": "18", "platform": "PS5", "genre": null, "sizes": false, "description": "Become Eivor, a Viking raider raised to be a fearless warrior, and lead your clan from icy desolation in Norway to a new home amid the lush farmlands of ninth-century England. Find your settlement and conquer this hostile land by any means to earn a place in Valhalla.\r\n\r\nEngland in the age of the Vikings is a fractured nation of petty lords and warring kingdoms. Beneath the chaos lies a rich and untamed land waiting for a new conqueror. Will it be you?", "price": "59.99", "image_url": "https://m.media-amazon.com/images/I/81citugjIUL._AC_SX385_.jpg", "image": "6.jpg"}}, {"model": "products.product", "pk": 7, "fields": {"category": 1, "sku": "7", "name": "Assasin's Creed: Valhalla", "age_rating": "18", "platform": "PS4", "genre": null, "sizes": false, "description": "Become Eivor, a Viking raider raised to be a fearless warrior, and lead your clan from icy desolation in Norway to a new home amid the lush farmlands of ninth-century England. Find your settlement and conquer this hostile land by any means to earn a place in Valhalla.\r\n\r\nEngland in the age of the Vikings is a fractured nation of petty lords and warring kingdoms. Beneath the chaos lies a rich and untamed land waiting for a new conqueror. Will it be you?", "price": "49.99", "image_url": "https://m.media-amazon.com/images/I/81Qrq91KI-L._AC_SX466_.jpg", "image": "7.jpg"}}, {"model": "products.product", "pk": 8, "fields": {"category": 1, "sku": "8", "name": "Assasin's Creed: Valhalla", "age_rating": "18", "platform": "Xbox One/S/X", "genre": null, "sizes": false, "description": "Become Eivor, a Viking raider raised to be a fearless warrior, and lead your clan from icy desolation in Norway to a new home amid the lush farmlands of ninth-century England. Find your settlement and conquer this hostile land by any means to earn a place in Valhalla.\r\n\r\nEngland in the age of the Vikings is a fractured nation of petty lords and warring kingdoms. Beneath the chaos lies a rich and untamed land waiting for a new conqueror. Will it be you?", "price": "54.99", "image_url": "https://m.media-amazon.com/images/I/81OwR6kR6AL._AC_SL1500_.jpg", "image": "8.jpg"}}, {"model": "products.product", "pk": 9, "fields": {"category": 5, "sku": "9", "name": "Parkway Drive - Killing Gods Hoodie", "age_rating": null, "platform": null, "genre": null, "sizes": true, "description": "- Hood with drawstring and metal eyelets\r\n- Divided kangaroo pocket\r\n- Concealed zip\r\n- Ribbed cuffs and hem\r\n- Front and back print\r\n- Embroidered kangaroo pocket", "price": "44.99", "image_url": "https://www.emp.co.uk/dw/image/v2/BBQV_PRD/on/demandware.static/-/Sites-master-emp/default/dw02b431fa/images/3/8/2/9/382935a.jpg?sfrm=png", "image": "9.jpg"}}, {"model": "products.product", "pk": 10, "fields": {"category": 5, "sku": "10", "name": "Number of the Beast Graphic Tee", "age_rating": null, "platform": null, "genre": null, "sizes": true, "description": "- front print\r\n- roundneck\r\n- half-length sleeves\r\n\r\nOne of the best and most important albums of all time for many metalheads: Iron Maiden's \"The Number Of The Beast\" from 1982. The \"Number Of The Beast Graphic\" Shirt features the album cover which partially has been colored gold, making the cult design even more stylish. And of course, the bright red Iron Maiden logo is present as well.", "price": "15.99", "image_url": "https://www.emp.co.uk/dw/image/v2/BBQV_PRD/on/demandware.static/-/Sites-master-emp/default/dw76f92d85/images/2/8/6/9/286930a-emp.jpg?sfrm=png", "image": "10.jpg"}}, {"model": "products.product", "pk": 11, "fields": {"category": 5, "sku": "11", "name": "Kill 'Em All | Metallica Tee", "age_rating": null, "platform": null, "genre": null, "sizes": true, "description": "Kill 'Em All is the debut studio album by American heavy metal band Metallica, released on July 25, 1983, through the independent label Megaforce Records.", "price": "15.99", "image_url": "https://www.emp-online.com/dw/image/v2/BBQV_PRD/on/demandware.static/-/Sites-master-emp/default/dwe47a5e1b/images/5/1/1/3/511382a.jpg?sfrm=png", "image": "11.jpg"}}, {"model": "products.product", "pk": 12, "fields": {"category": 5, "sku": "12", "name": "Damage Inc | Metallica Tank Top", "age_rating": null, "platform": null, "genre": null, "sizes": true, "description": "From their third studio album, Master of Puppets, Damage Inc is a fan favourite and a certified classic", "price": "15.99", "image_url": "https://www.emp-online.com/dw/image/v2/BBQV_PRD/on/demandware.static/-/Sites-master-emp/default/dw93b17510/images/5/1/1/3/511385a.jpg?sfrm=png", "image": "12.jpg"}}, {"model": "products.product", "pk": 13, "fields": {"category": 2, "sku": "13", "name": "Original Soundtrack | Demon Souls", "age_rating": null, "platform": "Vinyl", "genre": "Soundtrack", "sizes": false, "description": "Orignal Soundtrack for the legendary souls-like RPG, Demon Souls. Get the soundtrack that kick-started a genre that infuriates many players around the world!", "price": "25.99", "image_url": "https://www.emp-online.com/dw/image/v2/BBQV_PRD/on/demandware.static/-/Sites-master-emp/default/dwa73139ad/images/4/9/1/4/491499.jpg?sfrm=png", "image": "13.jpg"}}, {"model": "products.product", "pk": 14, "fields": {"category": 5, "sku": "14", "name": "GB Malic Slim Fit | Leather Jacket", "age_rating": null, "platform": null, "genre": null, "sizes": true, "description": "- Lapel collar with decorative buttons\r\n- Epaulettes with press studs\r\n- Small metal Gipsy logo on the sleeve\r\n- Asymmetric zip\r\n- Chest pocket with zip\r\n- Two pockets with zip\r\n- Elbow patches\r\n- Zip on sleeve hem\r\n- Three inside pockets, one with button, one with Velcro and button\r\n- Biker style", "price": "149.99", "image_url": "https://www.emp-online.com/dw/image/v2/BBQV_PRD/on/demandware.static/-/Sites-master-emp/default/dw4ea2d6ea/images/4/7/5/8/475891a.jpg?sfrm=png", "image": "14.jpg"}}, {"model": "products.product", "pk": 15, "fields": {"category": 5, "sku": "15", "name": "Cyberpunk 2077 Hoodie", "age_rating": null, "platform": null, "genre": null, "sizes": true, "description": "- Hood with drawstring\r\n- Flat drawstring, removable (not attached)\r\n- Printed on the front\r\n- Print on left sleeve\r\n- Kangaroo pocket\r\n- Roughened inside", "price": "29.99", "image_url": "https://www.emp-online.com/dw/image/v2/BBQV_PRD/on/demandware.static/-/Sites-master-emp/default/dwda5b510d/images/4/9/7/4/497479a.jpg?sfrm=png", "image": "15.jpg"}}, {"model": "products.product", "pk": 16, "fields": {"category": 1, "sku": "16", "name": "FIFA 22", "age_rating": "3+", "platform": "PS5", "genre": "Sports", "sizes": false, "description": "Powered by football, EA SPORTS FIFA 22 on PlayStation 5 and Xbox series x|s moves the game forward with ground-breaking next-gen Hyper motion gameplay technology that elevates every moment on the pitch. Hyper motion integrates advanced full-team mocap data and machine learning to heighten gameplay in every match in FIFA 22, Harnessing the power of next generation consoles to deliver the most realistic, responsive and fluid gameplay experience we've ever built. Fifa 22 brings a new Season of innovation across every mode in the game; enjoy more consistency between the posts with a goalkeeper rewrite that brings more composure to the most important position on the pitch, live out your football dreams as you create and manage your custom Club to glory in Career Mode, get rewarded for your flair with restyled gameplay in Volta football, Welcome back football's most memorable players as FIFA Ultimate Team heroes, and feel the atmosphere of your next big Game with the most immersive match day experience ever seen in EA SPORTS FIFA.", "price": "44.99", "image_url": "https://m.media-amazon.com/images/I/81ZRj39hdcL._AC_SL1500_.jpg", "image": "16.jpg"}}, {"model": "products.product", "pk": 17, "fields": {"category": 1, "sku": "17", "name": "FIFA 22", "age_rating": "3+", "platform": "PS4", "genre": "Sports", "sizes": false, "description": "Powered by football, EA SPORTS FIFA 22 on PlayStation 5 and Xbox series x|s moves the game forward with ground-breaking next-gen Hyper motion gameplay technology that elevates every moment on the pitch. Hyper motion integrates advanced full-team mocap data and machine learning to heighten gameplay in every match in FIFA 22, Harnessing the power of next generation consoles to deliver the most realistic, responsive and fluid gameplay experience we've ever built. Fifa 22 brings a new Season of innovation across every mode in the game; enjoy more consistency between the posts with a goalkeeper rewrite that brings more composure to the most important position on the pitch, live out your football dreams as you create and manage your custom Club to glory in Career Mode, get rewarded for your flair with restyled gameplay in Volta football, Welcome back football's most memorable players as FIFA Ultimate Team heroes, and feel the atmosphere of your next big Game with the most immersive match day experience ever seen in EA SPORTS FIFA.", "price": "32.99", "image_url": "https://m.media-amazon.com/images/I/81mciIlvdTL._AC_SL1500_.jpg", "image": "17.jpg"}}, {"model": "products.product", "pk": 18, "fields": {"category": 1, "sku": "18", "name": "FIFA 22", "age_rating": "3+", "platform": "Xbox One/S/X", "genre": "Sports", "sizes": false, "description": "Powered by football, EA SPORTS FIFA 22 on PlayStation 5 and Xbox series x|s moves the game forward with ground-breaking next-gen Hyper motion gameplay technology that elevates every moment on the pitch. Hyper motion integrates advanced full-team mocap data and machine learning to heighten gameplay in every match in FIFA 22, Harnessing the power of next generation consoles to deliver the most realistic, responsive and fluid gameplay experience we've ever built. Fifa 22 brings a new Season of innovation across every mode in the game; enjoy more consistency between the posts with a goalkeeper rewrite that brings more composure to the most important position on the pitch, live out your football dreams as you create and manage your custom Club to glory in Career Mode, get rewarded for your flair with restyled gameplay in Volta football, Welcome back football's most memorable players as FIFA Ultimate Team heroes, and feel the atmosphere of your next big Game with the most immersive match day experience ever seen in EA SPORTS FIFA.", "price": "49.99", "image_url": "https://m.media-amazon.com/images/I/81zIyAGR9wS._AC_SL1500_.jpg", "image": "18.jpg"}}, {"model": "products.product", "pk": 19, "fields": {"category": 3, "sku": "19", "name": "Underdog Games Trekking the World", "age_rating": null, "platform": null, "genre": null, "sizes": false, "description": "Trekking the World is a beautiful world travel game. Learn about cultures from all around the world as you explore destinations on every continent. Looking for games for teens, family games, or board games for kids 8-12? This family-friendly game delivers. Based on the award-winning design of Trekking the National Parks, this game is for 2-5 Players and takes 30-60 minutes to play.", "price": "40.00", "image_url": "https://m.media-amazon.com/images/I/91md8KVvMsL._AC_SL1500_.jpg", "image": "19.jpg"}}, {"model": "products.product", "pk": 20, "fields": {"category": 1, "sku": "20", "name": "Red Dead Redemption 2", "age_rating": "18", "platform": "PS4", "genre": "Action - Adventure", "sizes": false, "description": "America, 1899. The end of the Wild West era has begun. After a robbery goes badly wrong in the western town of Blackwater, Arthur Morgan and the Van der Linde gang are forced to flee. With federal agents and the best bounty hunters in the nation massing on their heels, the gang must rob, steal and fight their way across the rugged heartland of America in order to survive. As deepening internal divisions threaten to tear the gang apart, Arthur must make a choice between his own ideals and loyalty to the gang who raised him.", "price": "29.99", "image_url": "https://m.media-amazon.com/images/I/91C8piUiI0L._AC_SL1500_.jpg", "image": "20.jpg"}}, {"model": "products.product", "pk": 21, "fields": {"category": 1, "sku": "21", "name": "Red Dead Redemption 2", "age_rating": "18", "platform": "Xbox One/S/X", "genre": "Action - Adventure", "sizes": false, "description": "America, 1899. The end of the Wild West era has begun. After a robbery goes badly wrong in the western town of Blackwater, Arthur Morgan and the Van der Linde gang are forced to flee. With federal agents and the best bounty hunters in the nation massing on their heels, the gang must rob, steal and fight their way across the rugged heartland of America in order to survive. As deepening internal divisions threaten to tear the gang apart, Arthur must make a choice between his own ideals and loyalty to the gang who raised him.", "price": "29.99", "image_url": "https://m.media-amazon.com/images/I/91ftcNv8XvL._AC_SL1500_.jpg", "image": "21.jpg"}}, {"model": "products.product", "pk": 22, "fields": {"category": 4, "sku": "22", "name": "Xbox Series S", "age_rating": null, "platform": null, "genre": null, "sizes": false, "description": "The next generation of gaming brings our largest digital library yet to our smallest Xbox ever. With more dynamic worlds, faster load times, and the addition of Xbox Game Pass (sold separately), the all-digital Xbox Series S is the best value in gaming.", "price": "249.99", "image_url": "https://i.ebayimg.com/images/g/IaQAAOSwTFBfZNX-/s-l640.jpg", "image": "22.jpg"}}, {"model": "products.product", "pk": 23, "fields": {"category": 1, "sku": "23", "name": "Elder Scrolls 5: Skyrim Special Edition", "age_rating": "18", "platform": "Xbox One/S/X", "genre": "Open World RPG", "sizes": false, "description": "The Elder Scrolls V: Skyrim, the 2011 Game of the Year, is the next chapter in the highly anticipated Elder Scrolls saga. Developed by Bethesda Game Studios, the 2011 Studio of the Year, that brought you Oblivion and Fallout 3. Skyrim reimagines and revolutionizes the open-world fantasy epic, bringing to life a complete virtual world open for you to explore any way you choose.", "price": "33.99", "image_url": "https://m.media-amazon.com/images/I/81dDIETeEiL._AC_SX385_.jpg", "image": "23.jpg"}}, {"model": "products.product", "pk": 24, "fields": {"category": 2, "sku": "24", "name": "Gun 'N Roses - Appetite for Destruction", "age_rating": "Explict", "platform": "CD", "genre": "Hard Rock", "sizes": false, "description": "Appetite for Destruction is the debut studio album by American hard rock band Guns N' Roses. It was released on July 21, 1987, by Geffen Records. The album was released to little mainstream attention in 1987.", "price": "9.99", "image_url": "https://m.media-amazon.com/images/I/51vA9Ga+RSL._AC_.jpg", "image": "24.jpg"}}, {"model": "products.product", "pk": 25, "fields": {"category": 1, "sku": "25", "name": "Elder Scrolls 5: Skyrim Special Edition", "age_rating": "18", "platform": "PS4", "genre": "Open World RPG", "sizes": false, "description": "The Elder Scrolls V: Skyrim, the 2011 Game of the Year, is the next chapter in the highly anticipated Elder Scrolls saga. Developed by Bethesda Game Studios, the 2011 Studio of the Year, that brought you Oblivion and Fallout 3. Skyrim reimagines and revolutionizes the open-world fantasy epic, bringing to life a complete virtual world open for you to explore any way you choose.", "price": "33.99", "image_url": "https://m.media-amazon.com/images/I/81VvoP5zRjL._AC_SX385_.jpg", "image": "25.jpg"}}, {"model": "products.product", "pk": 26, "fields": {"category": 5, "sku": "26", "name": "AC/DC-Angus Rockin Tee", "age_rating": null, "platform": null, "genre": null, "sizes": true, "description": "Part of the Official AC/DC Collection by AC/DC\r\nLightweight, Classic fit, Double-needle sleeve and bottom hem\r\nSolid colours: 100% Cotton; Heather Grey: 90% Cotton, 10% Polyester; All Other Heathers: 50% Cotton, 50% Polyester\r\nMachine Wash\r\nClassic Fit", "price": "15.99", "image_url": "https://m.media-amazon.com/images/I/A13usaonutL._CLa%7C2140%2C2000%7C91rz3x%2BA5iL.png%7C0%2C0%2C2140%2C2000%2B0.0%2C0.0%2C2140.0%2C2000.0_AC_SX466._SX._UX._SY._UY_.png", "image": "26.jfif"}}, {"model": "products.product", "pk": 27, "fields": {"category": 5, "sku": "27", "name": "Black Sabbath Tie Dye Hoodie", "age_rating": null, "platform": null, "genre": null, "sizes": true, "description": "super soft tie dye hoodie featuring the Black Sabbath logo on the front back. Black Sabbath printed on the sleeves.\r\n\r\nDetails:\r\nPreshrunk\r\n80% Cotton, 20% Polyester\r\nCombed Ring Spun Cotton", "price": "35.99", "image_url": "https://cdn.shopify.com/s/files/1/0532/2699/5893/products/BS-HOODIE-FRONT_1_grande.png?v=1636412494", "image": "27.png"}}, {"model": "products.product", "pk": 28, "fields": {"category": 2, "sku": "28", "name": "Black Sabbath Sabotage Super Deluxe Edition", "age_rating": null, "platform": "CD", "genre": "Heavy Metal", "sizes": false, "description": "Sabotage is the sixth studio album by English rock band Black Sabbath, released in July 1975. It was recorded in the midst of litigation with their former manager Patrick Meehan. The stress that resulted from the band's ongoing legal woes infiltrated the recording process, inspiring the album's title. It was co-produced by guitarist Tony Iommi and Mike Butcher", "price": "25.99", "image_url": "https://m.media-amazon.com/images/I/71pqd5oXKfL._AC_SL1425_.jpg", "image": "28.jpg"}}, {"model": "products.product", "pk": 29, "fields": {"category": 1, "sku": "29", "name": "MarioKart 8 Deluxe", "age_rating": "3+", "platform": "Nintendo Switch", "genre": "Kart racing", "sizes": false, "description": "Play Mario Kart wherever you go!\r\n\r\nEnjoy the biggest Mario Kart yet and race anytime, anywhere, with anyone in Mario Kart 8 Deluxe, only on Nintendo Switch. Whether youre racing your family on the big screen in your living room, playing in the park, or visiting a friends place, Nintendo Switch lets you play Mario Kart any way you like! Up to eight players can connect for local multiplayer fun via Wireless Play. If you're playing in TV mode or tabletop mode, up to four players can enjoy split-screen multiplayer!", "price": "45.99", "image_url": "https://assets.nintendo.eu/image/upload/f_auto,q_auto,t_product_tile_desktop/MNS/NOE/70010000000126/SQ_NSwitch_MarioKart8Deluxe", "image": "29.jfif"}}, {"model": "products.product", "pk": 30, "fields": {"category": 4, "sku": "30", "name": "Dawnbreaker pendant", "age_rating": null, "platform": null, "genre": null, "sizes": false, "description": "Enchant anyone, with the power of Meridias Retribution, when you wear the Elder Scrolls V: Skyrim Dawnbreaker Pendant!\r\nA quick look:\r\nMaterial: stainless steel (silver and gold-toned)\r\nEmbedded with orange Cubic Zirconia stone\r\nSizes: one size, 24-inch cable chain\r\nHeight: 1.75 inches\r\nWidth: 0.5 inches\r\nSizes: one size\r\nUnisex", "price": "29.99", "image_url": "https://cdn.shopify.com/s/files/1/3045/2256/products/GRID-1_7f69394a-6dd0-41cc-8607-ba4319eb6449_600x900.jpg?v=1581446033", "image": "30.jpg"}}, {"model": "products.product", "pk": 31, "fields": {"category": 4, "sku": "31", "name": "Fallout NCR Veteran Ranger Helmet Bundle", "age_rating": null, "platform": null, "genre": null, "sizes": false, "description": "1x Wearable NCR Veteran Ranger replica helmet\r\nWith LED light effects\r\nPowered by 2 x AA batteries (not included)\r\nDimensions: Approx. 12.28 x 12.21 x 13.23 in (312 x 310 x 336 mm)\r\nFits up to a XL Helmet Size\r\nAdjustable inner straps\r\n1x Display Stand\r\nWith a metal plate bearing a printed graphic of the NCR Ranger insignia\r\n1x NCR Metal Belt Buckle\r\nWidth: Approx. 3 in (76.2 mm)\r\n1x Ferocious Deathclaw Window Sticker\r\nHeight: Approx. 8 in (203.2 mm)", "price": "124.99", "image_url": "https://cdn.shopify.com/s/files/1/3045/2256/products/GRID-1_f772da01-787a-47a4-9bb9-a0dabb00e906_600x900.jpg?v=1634789430", "image": "31.jpg"}}, {"model": "products.product", "pk": 32, "fields": {"category": 1, "sku": "32", "name": "Fallout 76 Steel Dawn Deluxe Edition", "age_rating": "18", "platform": "PC", "genre": "Online RPG", "sizes": false, "description": "Immersive Questlines and Engaging Characters Uncover the secrets of West Virginia by playing through an immersive main quest, starting from the moment you leave Vault 76. Befriend or betray new neighbors who have come to rebuild, and experience Appalachia through the eyes of its residents.\r\n\r\nDeluxe Edition Includes the full game and bonus Brotherhood Recruitment Bundle in-game items.", "price": "25.99", "image_url": "https://s1.gaming-cdn.com/images/products/9177/271x377/fallout-76-steel-dawn-deluxe-deluxe-edition-pc-game-bethesda-cover.jpg", "image": "32.jpg"}}, {"model": "products.product", "pk": 33, "fields": {"category": 4, "sku": "33", "name": "Funko Pop! Games: God of War Brok and Sindri 2 pack", "age_rating": null, "platform": null, "genre": null, "sizes": false, "description": "These master blacksmiths make the perfect addition to any collection. Bring Brok and Sindri home in this brand new Pop! Vinyl 2 pack. Measures 3.75\" tall.", "price": "24.99", "image_url": "https://c.bdac.co/bdac/PLAYSTATION/ProductImages/1520836_t_1.jpg?v=637490980406611179", "image": "33.jpg"}}, {"model": "products.product", "pk": 34, "fields": {"category": 4, "sku": "34", "name": "Metallica Pop! Deluxe Album Funko Pop! 4 pack limited edition", "age_rating": null, "platform": null, "genre": null, "sizes": false, "description": "Officially licensed pop culture collectables manufactured by Funko. This is an Albums themed POP! Vinyl. Contains: 1x DLX - Metallica Black & White figure set.", "price": "49.99", "image_url": "https://m.media-amazon.com/images/I/51-BUepd8UL._AC_SL1000_.jpg", "image": "34.jpg"}}, {"model": "products.product", "pk": 35, "fields": {"category": 1, "sku": "35", "name": "Fallout 76 Wastelanders", "age_rating": "18", "platform": "PS4", "genre": "Online RPG", "sizes": false, "description": "Immersive Questlines and Engaging Characters Uncover the secrets of West Virginia by playing through an immersive main quest, starting from the moment you leave Vault 76. Befriend or betray new neighbors who have come to rebuild, and experience Appalachia through the eyes of its residents.\r\n\r\nDeluxe Edition Includes the full game and bonus Brotherhood Recruitment Bundle in-game items.", "price": "25.99", "image_url": "https://m.media-amazon.com/images/I/81DXO3dBRXL._AC_SL1500_.jpg", "image": "35.jpg"}}, {"model": "products.product", "pk": 36, "fields": {"category": 1, "sku": "36", "name": "Fallout 76 Wastelanders", "age_rating": "18", "platform": "Xbox One/S/X", "genre": "Online RPG", "sizes": false, "description": "Immersive Questlines and Engaging Characters Uncover the secrets of West Virginia by playing through an immersive main quest, starting from the moment you leave Vault 76. Befriend or betray new neighbors who have come to rebuild, and experience Appalachia through the eyes of its residents.\r\n\r\nDeluxe Edition Includes the full game and bonus Brotherhood Recruitment Bundle in-game items.", "price": "25.99", "image_url": "https://m.media-amazon.com/images/I/81W8tAXs6vL._AC_SL1500_.jpg", "image": "36.jpg"}}, {"model": "products.product", "pk": 38, "fields": {"category": 1, "sku": null, "name": "test", "age_rating": null, "platform": null, "genre": null, "sizes": false, "description": "test", "price": "5.66", "image_url": null, "image": ""}}, {"model": "products.review", "pk": 1, "fields": {"user": 1, "product": 10, "date": "2022-01-11T01:35:26.832Z", "user_review": "Great Top", "rate": 5}}, {"model": "products.review", "pk": 2, "fields": {"user": 1, "product": 10, "date": "2022-01-11T01:38:30.948Z", "user_review": "test", "rate": 2}}, {"model": "checkout.order", "pk": 32, "fields": {"order_number": "628BDA5D937B4524B3D7AA18DDB18028", "user_profile": null, "full_name": "Dean Andrejevic", "email": "deanoandrejevic@gmail.com", "mob_number": "07826605135", "country": "GB", "postcode": "GU34 4LF", "city": "Alton", "first_address_line": "9 Westburn Fields", "second_address_line": "Lower Froyle", "county": "Hampshire", "date": "2022-01-10T02:05:05.719Z", "delivery": "5.00", "order_total": "15.00", "grand_total": "20.00", "original_bag": "{\"5\": 1}", "stripe_pid": "pi_3KGDFfBRYqT3cZ1N1gHUEBde"}}, {"model": "checkout.order", "pk": 33, "fields": {"order_number": "C0D74F5F1E8A421C8E9B3C08F57FC0AA", "user_profile": 1, "full_name": "Dean Andrejevic", "email": "deanoandrejevic@gmail.com", "mob_number": "07826605135", "country": "GB", "postcode": "GU34 4LF", "city": "Alton", "first_address_line": "9 Westburn Fields", "second_address_line": "Lower Froyle", "county": "Hampshire", "date": "2022-01-10T02:22:08.250Z", "delivery": "5.00", "order_total": "9.99", "grand_total": "14.99", "original_bag": "{\"3\": 1}", "stripe_pid": "pi_3KGDWCBRYqT3cZ1N0O1MLFZM"}}, {"model": "checkout.order", "pk": 34, "fields": {"order_number": "3C083BD8B8214C0EA1A31D30885D6E6F", "user_profile": 1, "full_name": "Dean Andrejevic", "email": "deanoandrejevic@gmail.com", "mob_number": "07826605135", "country": "GB", "postcode": "GU34 4LF", "city": "Alton", "first_address_line": "9 Westburn Fields", "second_address_line": "Lower Froyle", "county": "Hampshire", "date": "2022-01-10T02:49:54.179Z", "delivery": "5.00", "order_total": "9.99", "grand_total": "14.99", "original_bag": "{\"3\": 1}", "stripe_pid": "pi_3KGDx5BRYqT3cZ1N0b7bGdKU"}}, {"model": "checkout.order", "pk": 35, "fields": {"order_number": "255F3356332942BA8135B6957B0544B5", "user_profile": 1, "full_name": "Dean Andrejevic", "email": "deanoandrejevic@gmail.com", "mob_number": "07826605135", "country": "GB", "postcode": "GU34 4LF", "city": "Alton", "first_address_line": "9 Westburn Fields", "second_address_line": "Lower Froyle", "county": "Hampshire", "date": "2022-01-10T02:51:20.982Z", "delivery": "5.00", "order_total": "9.99", "grand_total": "14.99", "original_bag": "{\"3\": 1}", "stripe_pid": "pi_3KGDyTBRYqT3cZ1N2MVPFXif"}}, {"model": "checkout.order", "pk": 36, "fields": {"order_number": "56B6DE47C7D64BF8B127D548E6FCE174", "user_profile": 1, "full_name": "Dean Andrejevic", "email": "deanoandrejevic@gmail.com", "mob_number": "07826605135", "country": "GB", "postcode": "GU34 4LF", "city": "Alton", "first_address_line": "9 Westburn Fields", "second_address_line": "Lower Froyle", "county": "Hampshire", "date": "2022-01-10T02:57:05.890Z", "delivery": "5.00", "order_total": "0.00", "grand_total": "5.00", "original_bag": "{\"2\": 1}", "stripe_pid": "pi_3KGE43BRYqT3cZ1N1r7SJM6T"}}, {"model": "checkout.orderlineitem", "pk": 24, "fields": {"order": 32, "product": 5, "product_size": null, "quantity": 1, "lineitem_total": "15.00"}}, {"model": "checkout.orderlineitem", "pk": 25, "fields": {"order": 33, "product": 3, "product_size": null, "quantity": 1, "lineitem_total": "9.99"}}, {"model": "checkout.orderlineitem", "pk": 26, "fields": {"order": 34, "product": 3, "product_size": null, "quantity": 1, "lineitem_total": "9.99"}}, {"model": "checkout.orderlineitem", "pk": 27, "fields": {"order": 35, "product": 3, "product_size": null, "quantity": 1, "lineitem_total": "9.99"}}, {"model": "profiles.userprofile", "pk": 1, "fields": {"user": 1, "default_mob_number": "07826605135", "default_first_address_line": "9 Westburn Fields", "default_second_address_line": "Lower Froyle", "default_city": "Alton", "default_county": "Hampshire", "default_postcode": "GU34 4LF", "default_country": "GB"}}, {"model": "profiles.userprofile", "pk": 2, "fields": {"user": 2, "default_mob_number": null, "default_first_address_line": null, "default_second_address_line": null, "default_city": null, "default_county": null, "default_postcode": null, "default_country": null}}, {"model": "profiles.userprofile", "pk": 3, "fields": {"user": 3, "default_mob_number": null, "default_first_address_line": null, "default_second_address_line": null, "default_city": null, "default_county": null, "default_postcode": null, "default_country": null}}]